{
  "type": "FeatureCollection",
  "name": "gangnae_osm_context",
  "crs": {
    "type": "name",
    "properties": {
      "name": "urn:ogc:def:crs:OGC:1.3:CRS84"
    }
  },
  "features": [
    {
      "type": "Feature",
      "properties": {
        "osm_id": 87146534,
        "natural": "water",
        "water": "river"
      },
      "geometry": {
        "type": "Polygon",
        "coordinates": [
          [
            [
              127.3035398,
              36.5690972
            ],
            [
              127.3035293,
              36.5696293
            ],
            [
              127.3034143,
              36.5702421
            ],
            [
              127.3031426,
              36.5709136
            ],
            [
              127.3030172,
              36.5716103
            ],
            [
              127.3030903,
              36.5719629
            ],
            [
              127.3031112,
              36.5724917
            ],
            [
              127.3029335,
              36.5729702
            ],
            [
              127.3024005,
              36.5734066
            ],
            [
              127.3024423,
              36.5736669
            ],
            [
              127.3022333,
              36.5743132
            ],
            [
              127.3022124,
              36.5745146
            ],
            [
              127.3020347,
              36.5747664
            ],
            [
              127.3021392,
              36.5749343
            ],
            [
              127.3016898,
              36.5754967
            ],
            [
              127.3013448,
              36.5763109
            ],
            [
              127.3012194,
              36.5769824
            ],
            [
              127.3012926,
              36.5783253
            ],
            [
              127.3011358,
              36.5786359
            ],
            [
              127.3007909,
              36.5788877
            ],
            [
              127.3008431,
              36.5793409
            ],
            [
              127.30057,
              36.5799023
            ],
            [
              127.3011287,
              36.5798287
            ],
            [
              127.3014436,
              36.5803358
            ],
            [
              127.3016695,
              36.580898
            ],
            [
              127.301831,
              36.5812244
            ],
            [
              127.3019723,
              36.5815738
            ],
            [
              127.3021672,
              36.5818165
            ],
            [
              127.302871,
              36.5822453
            ],
            [
              127.3036868,
              36.5825431
            ],
            [
              127.3045744,
              36.5828889
            ],
            [
              127.3050522,
              36.5832365
            ],
            [
              127.3062991,
              36.5834703
            ],
            [
              127.3070412,
              36.5837557
            ],
            [
              127.3081804,
              36.5838396
            ],
            [
              127.3089643,
              36.583806
            ],
            [
              127.310229,
              36.5837221
            ],
            [
              127.310992,
              36.5839823
            ],
            [
              127.3117446,
              36.5840578
            ],
            [
              127.3125807,
              36.5840075
            ],
            [
              127.3149847,
              36.5837557
            ],
            [
              127.3157895,
              36.5834619
            ],
            [
              127.3168765,
              36.5830758
            ],
            [
              127.3173384,
              36.582965
            ],
            [
              127.3178966,
              36.582928
            ],
            [
              127.3183921,
              36.582918
            ],
            [
              127.31927,
              36.5830339
            ],
            [
              127.3195773,
              36.5831865
            ],
            [
              127.3201112,
              36.5834689
            ],
            [
              127.320679,
              36.5836717
            ],
            [
              127.3216844,
              36.5839991
            ],
            [
              127.3227505,
              36.5846117
            ],
            [
              127.3241929,
              36.5853671
            ],
            [
              127.3255412,
              36.5861895
            ],
            [
              127.327109,
              36.5873561
            ],
            [
              127.3277675,
              36.5883464
            ],
            [
              127.3279452,
              36.5889842
            ],
            [
              127.3279974,
              36.5895884
            ],
            [
              127.3265864,
              36.5885898
            ],
            [
              127.3275689,
              36.5898066
            ],
            [
              127.3286663,
              36.5909648
            ],
            [
              127.3300669,
              36.5926767
            ],
            [
              127.3315406,
              36.5940194
            ],
            [
              127.3331816,
              36.595446
            ],
            [
              127.3338923,
              36.5959578
            ],
            [
              127.3347494,
              36.5964529
            ],
            [
              127.3355751,
              36.5964949
            ],
            [
              127.3356692,
              36.5966795
            ],
            [
              127.3364531,
              36.5968138
            ],
            [
              127.337446,
              36.5968054
            ],
            [
              127.3380418,
              36.5966292
            ],
            [
              127.3390452,
              36.5964949
            ],
            [
              127.3402785,
              36.5965872
            ],
            [
              127.3412505,
              36.5968389
            ],
            [
              127.3417418,
              36.597141
            ],
            [
              127.3413446,
              36.596562
            ],
            [
              127.3420867,
              36.5968054
            ],
            [
              127.3429229,
              36.5973089
            ],
            [
              127.3437172,
              36.5981732
            ],
            [
              127.344198,
              36.5989116
            ],
            [
              127.3443025,
              36.5996248
            ],
            [
              127.3441353,
              36.6003968
            ],
            [
              127.3440203,
              36.601345
            ],
            [
              127.3438426,
              36.6021421
            ],
            [
              127.3437068,
              36.6030399
            ],
            [
              127.3431737,
              36.6034259
            ],
            [
              127.3432678,
              36.6041055
            ],
            [
              127.34332,
              36.604953
            ],
            [
              127.3433305,
              36.6054145
            ],
            [
              127.3434455,
              36.6056242
            ],
            [
              127.3436545,
              36.6062955
            ],
            [
              127.3435186,
              36.6066143
            ],
            [
              127.34355,
              36.6069163
            ],
            [
              127.3436754,
              36.607252
            ],
            [
              127.3439367,
              36.6075876
            ],
            [
              127.344198,
              36.6079399
            ],
            [
              127.3447493,
              36.6084308
            ],
            [
              127.345285,
              36.6088398
            ],
            [
              127.3461342,
              36.6096368
            ],
            [
              127.3466176,
              36.6105493
            ],
            [
              127.3470227,
              36.6105807
            ],
            [
              127.3474146,
              36.6108848
            ],
            [
              127.3476628,
              36.6111156
            ],
            [
              127.3480287,
              36.611598
            ],
            [
              127.3481854,
              36.6119126
            ],
            [
              127.3483814,
              36.611965
            ],
            [
              127.348499,
              36.6126886
            ],
            [
              127.3486819,
              36.6135486
            ],
            [
              127.3486688,
              36.6141673
            ],
            [
              127.3485643,
              36.6150692
            ],
            [
              127.3488648,
              36.6156459
            ],
            [
              127.348904,
              36.6162751
            ],
            [
              127.3490739,
              36.6170407
            ],
            [
              127.3493221,
              36.617586
            ],
            [
              127.3494658,
              36.6180788
            ],
            [
              127.3494199,
              36.6189424
            ],
            [
              127.3496652,
              36.6194269
            ],
            [
              127.3497828,
              36.6207406
            ],
            [
              127.3501423,
              36.621739
            ],
            [
              127.350315,
              36.622829
            ],
            [
              127.350106,
              36.6232799
            ],
            [
              127.3502292,
              36.6248883
            ],
            [
              127.3512579,
              36.6260053
            ],
            [
              127.3510898,
              36.6267249
            ],
            [
              127.350643,
              36.6277314
            ],
            [
              127.3507128,
              36.6278467
            ],
            [
              127.3508172,
              36.6279895
            ],
            [
              127.3510008,
              36.6282584
            ],
            [
              127.3516477,
              36.6292145
            ],
            [
              127.3518561,
              36.6296142
            ],
            [
              127.3521833,
              36.630242
            ],
            [
              127.3529542,
              36.6311751
            ],
            [
              127.353516,
              36.6314792
            ],
            [
              127.35413,
              36.6316889
            ],
            [
              127.3549008,
              36.6321292
            ],
            [
              127.3556455,
              36.6327164
            ],
            [
              127.3557143,
              36.6328722
            ],
            [
              127.3561253,
              36.6330521
            ],
            [
              127.3566124,
              36.6323704
            ],
            [
              127.3560898,
              36.6318881
            ],
            [
              127.3557365,
              36.631351
            ],
            [
              127.3552184,
              36.6303209
            ],
            [
              127.3547913,
              36.6298193
            ],
            [
              127.3542718,
              36.6288006
            ],
            [
              127.3534152,
              36.6276132
            ],
            [
              127.3529432,
              36.6267944
            ],
            [
              127.3528742,
              36.6260636
            ],
            [
              127.3526782,
              36.6252409
            ],
            [
              127.3525281,
              36.624455
            ],
            [
              127.3521964,
              36.622787
            ],
            [
              127.3523528,
              36.6220763
            ],
            [
              127.3523445,
              36.6206237
            ],
            [
              127.3510848,
              36.619406
            ],
            [
              127.3505894,
              36.6188758
            ],
            [
              127.3504979,
              36.6182466
            ],
            [
              127.350106,
              36.617523
            ],
            [
              127.3497794,
              36.6170931
            ],
            [
              127.3498969,
              36.6162751
            ],
            [
              127.3497271,
              36.6153733
            ],
            [
              127.3496879,
              36.6149224
            ],
            [
              127.3500537,
              36.6145239
            ],
            [
              127.3497532,
              36.6138108
            ],
            [
              127.3496748,
              36.6129718
            ],
            [
              127.3494527,
              36.612374
            ],
            [
              127.3489301,
              36.6117972
            ],
            [
              127.3484017,
              36.6107278
            ],
            [
              127.3474787,
              36.6095671
            ],
            [
              127.3468018,
              36.6087356
            ],
            [
              127.3460224,
              36.6080441
            ],
            [
              127.3453558,
              36.6072949
            ],
            [
              127.345284,
              36.6067763
            ],
            [
              127.3452122,
              36.6056484
            ],
            [
              127.3451404,
              36.6049322
            ],
            [
              127.3444123,
              36.6045782
            ],
            [
              127.3443343,
              36.6040613
            ],
            [
              127.3440328,
              36.603228
            ],
            [
              127.3442687,
              36.6028986
            ],
            [
              127.3446379,
              36.6021247
            ],
            [
              127.3448738,
              36.6014002
            ],
            [
              127.3449866,
              36.6007004
            ],
            [
              127.3450789,
              36.5998771
            ],
            [
              127.3450282,
              36.5992257
            ],
            [
              127.344577,
              36.5983201
            ],
            [
              127.343613,
              36.5971674
            ],
            [
              127.3430489,
              36.5966075
            ],
            [
              127.3421977,
              36.5964016
            ],
            [
              127.3412747,
              36.5960311
            ],
            [
              127.3404953,
              36.5958582
            ],
            [
              127.3397672,
              36.5959159
            ],
            [
              127.3393877,
              36.5957676
            ],
            [
              127.3387416,
              36.5956688
            ],
            [
              127.3377161,
              36.5955783
            ],
            [
              127.3368238,
              36.5955371
            ],
            [
              127.3357444,
              36.5956709
            ],
            [
              127.3343856,
              36.5955474
            ],
            [
              127.3339241,
              36.5954033
            ],
            [
              127.3338281,
              36.5950591
            ],
            [
              127.3334819,
              36.5948652
            ],
            [
              127.3324596,
              36.5939797
            ],
            [
              127.3317592,
              36.5929844
            ],
            [
              127.3305678,
              36.5917692
            ],
            [
              127.3299157,
              36.5907803
            ],
            [
              127.3296903,
              36.5900822
            ],
            [
              127.329634,
              36.5896556
            ],
            [
              127.3288853,
              36.5884728
            ],
            [
              127.3276295,
              36.5869861
            ],
            [
              127.325786,
              36.5848982
            ],
            [
              127.3245945,
              36.5838963
            ],
            [
              127.322574,
              36.5825453
            ],
            [
              127.3210927,
              36.5819117
            ],
            [
              127.3204084,
              36.5817679
            ],
            [
              127.3202314,
              36.5817307
            ],
            [
              127.3194988,
              36.5817501
            ],
            [
              127.3179854,
              36.581679
            ],
            [
              127.317293,
              36.5817243
            ],
            [
              127.3168905,
              36.5818342
            ],
            [
              127.3163995,
              36.5817631
            ],
            [
              127.3160936,
              36.5817954
            ],
            [
              127.315836,
              36.5819441
            ],
            [
              127.3151517,
              36.582041
            ],
            [
              127.3132921,
              36.5820669
            ],
            [
              127.3120977,
              36.5821703
            ],
            [
              127.3090411,
              36.5820289
            ],
            [
              127.3079845,
              36.5819582
            ],
            [
              127.3070915,
              36.5817259
            ],
            [
              127.3066261,
              36.5817259
            ],
            [
              127.3061355,
              36.5819178
            ],
            [
              127.3056324,
              36.5818168
            ],
            [
              127.3041607,
              36.5813522
            ],
            [
              127.3030161,
              36.5807865
            ],
            [
              127.3025129,
              36.5801401
            ],
            [
              127.3023343,
              36.5791906
            ],
            [
              127.3024349,
              36.5773886
            ],
            [
              127.3027066,
              36.5762411
            ],
            [
              127.303411,
              36.5754734
            ],
            [
              127.3041557,
              36.5747784
            ],
            [
              127.3043871,
              36.5740835
            ],
            [
              127.3040953,
              36.5738733
            ],
            [
              127.3042362,
              36.5736471
            ],
            [
              127.3045481,
              36.5736067
            ],
            [
              127.304528,
              36.5733238
            ],
            [
              127.3043066,
              36.5731299
            ],
            [
              127.3040148,
              36.572847
            ],
            [
              127.3043771,
              36.5725399
            ],
            [
              127.3050211,
              36.572055
            ],
            [
              127.305172,
              36.571659
            ],
            [
              127.3053431,
              36.5708509
            ],
            [
              127.3053934,
              36.5699053
            ],
            [
              127.305172,
              36.5688951
            ],
            [
              127.3052626,
              36.5683617
            ],
            [
              127.3053229,
              36.5675616
            ],
            [
              127.3053229,
              36.5665999
            ],
            [
              127.3050613,
              36.5657432
            ],
            [
              127.3049607,
              36.5649511
            ],
            [
              127.3046991,
              36.5643369
            ],
            [
              127.3046689,
              36.5636903
            ],
            [
              127.3044173,
              36.5633023
            ],
            [
              127.3041557,
              36.5631488
            ],
            [
              127.3033909,
              36.5624052
            ],
            [
              127.302928,
              36.5617424
            ],
            [
              127.3029381,
              36.5613383
            ],
            [
              127.3024953,
              36.5603199
            ],
            [
              127.3022136,
              36.5597218
            ],
            [
              127.3016702,
              36.5587842
            ],
            [
              127.3013079,
              36.5578465
            ],
            [
              127.3007665,
              36.5569073
            ],
            [
              127.3002513,
              36.556196
            ],
            [
              127.300034,
              36.5554006
            ],
            [
              127.2998408,
              36.5545147
            ],
            [
              127.2992692,
              36.553771
            ],
            [
              127.2991243,
              36.5530403
            ],
            [
              127.2991565,
              36.5521737
            ],
            [
              127.2993497,
              36.5516111
            ],
            [
              127.2993014,
              36.5509903
            ],
            [
              127.2987144,
              36.5486752
            ],
            [
              127.2985444,
              36.5479229
            ],
            [
              127.2983009,
              36.5473473
            ],
            [
              127.2982251,
              36.546764
            ],
            [
              127.2977123,
              36.5461684
            ],
            [
              127.297823,
              36.5454201
            ],
            [
              127.2978055,
              36.5447904
            ],
            [
              127.2976692,
              36.5446339
            ],
            [
              127.2973906,
              36.5447192
            ],
            [
              127.2974474,
              36.5458776
            ],
            [
              127.2973357,
              36.5458624
            ],
            [
              127.2969967,
              36.5454928
            ],
            [
              127.2966877,
              36.5449244
            ],
            [
              127.2966956,
              36.544385
            ],
            [
              127.2968931,
              36.5435854
            ],
            [
              127.29713,
              36.5429254
            ],
            [
              127.297675,
              36.5417831
            ],
            [
              127.2985281,
              36.5403806
            ],
            [
              127.2990731,
              36.5396064
            ],
            [
              127.299239,
              36.5390923
            ],
            [
              127.2995392,
              36.5390225
            ],
            [
              127.2996182,
              36.5385084
            ],
            [
              127.2997761,
              36.5380134
            ],
            [
              127.3000289,
              36.5377215
            ],
            [
              127.3001474,
              36.5371947
            ],
            [
              127.3004554,
              36.5364776
            ],
            [
              127.3006845,
              36.5357414
            ],
            [
              127.3009057,
              36.5344784
            ],
            [
              127.3015613,
              36.5328282
            ],
            [
              127.3021379,
              36.5319651
            ],
            [
              127.3029357,
              36.5312669
            ],
            [
              127.3036782,
              36.5308226
            ],
            [
              127.3042627,
              36.5304989
            ],
            [
              127.3055107,
              36.5299784
            ],
            [
              127.3061742,
              36.5297626
            ],
            [
              127.3071616,
              36.5296167
            ],
            [
              127.3083464,
              36.5295468
            ],
            [
              127.3088361,
              36.529458
            ],
            [
              127.3100446,
              36.5291533
            ],
            [
              127.3110162,
              36.5287725
            ],
            [
              127.3115533,
              36.5284424
            ],
            [
              127.3118061,
              36.528417
            ],
            [
              127.3125328,
              36.5281251
            ],
            [
              127.3161504,
              36.5269127
            ],
            [
              127.3179277,
              36.5262907
            ],
            [
              127.3192705,
              36.5257131
            ],
            [
              127.3201946,
              36.5251863
            ],
            [
              127.3211109,
              36.524488
            ],
            [
              127.3213197,
              36.5238423
            ],
            [
              127.3213716,
              36.5236819
            ],
            [
              127.3217902,
              36.5231931
            ],
            [
              127.3224932,
              36.5226409
            ],
            [
              127.322825,
              36.5219617
            ],
            [
              127.3229671,
              36.5214538
            ],
            [
              127.3234964,
              36.5206096
            ],
            [
              127.3239466,
              36.5194924
            ],
            [
              127.3243194,
              36.5184487
            ],
            [
              127.324351,
              36.5173163
            ],
            [
              127.3240629,
              36.5162807
            ],
            [
              127.323614,
              36.5155291
            ],
            [
              127.3230319,
              36.5147022
            ],
            [
              127.3224642,
              36.5140489
            ],
            [
              127.3223548,
              36.513715
            ],
            [
              127.3225001,
              36.513354
            ],
            [
              127.3228837,
              36.5132653
            ],
            [
              127.3234474,
              36.512908
            ],
            [
              127.3228826,
              36.5129357
            ],
            [
              127.3223413,
              36.5128845
            ],
            [
              127.3216862,
              36.512489
            ],
            [
              127.3212736,
              36.5120954
            ],
            [
              127.320934,
              36.5117357
            ],
            [
              127.3175816,
              36.5119773
            ],
            [
              127.3184085,
              36.5123679
            ],
            [
              127.3190694,
              36.5126431
            ],
            [
              127.3196787,
              36.5130525
            ],
            [
              127.3203555,
              36.5134875
            ],
            [
              127.320822,
              36.5142576
            ],
            [
              127.3209854,
              36.514903
            ],
            [
              127.3210897,
              36.515362
            ],
            [
              127.3213609,
              36.5161597
            ],
            [
              127.3223315,
              36.5170941
            ],
            [
              127.322317,
              36.5178293
            ],
            [
              127.3221697,
              36.5187857
            ],
            [
              127.3218063,
              36.5195538
            ],
            [
              127.3217826,
              36.5198204
            ],
            [
              127.3207795,
              36.5213185
            ],
            [
              127.3198395,
              36.5224787
            ],
            [
              127.3193837,
              36.5228482
            ],
            [
              127.3187386,
              36.5232958
            ],
            [
              127.3183575,
              36.523566
            ],
            [
              127.3174591,
              36.5239792
            ],
            [
              127.3167675,
              36.5243449
            ],
            [
              127.3160996,
              36.5247582
            ],
            [
              127.3150476,
              36.5253756
            ],
            [
              127.3144446,
              36.5258443
            ],
            [
              127.3134572,
              36.5262315
            ],
            [
              127.3099896,
              36.5277739
            ],
            [
              127.3080544,
              36.5284912
            ],
            [
              127.3071934,
              36.5287133
            ],
            [
              127.3066958,
              36.5287895
            ],
            [
              127.3059059,
              36.5288783
            ],
            [
              127.3051476,
              36.5291068
            ],
            [
              127.3042551,
              36.5293544
            ],
            [
              127.3032914,
              36.5298177
            ],
            [
              127.3017827,
              36.5307253
            ],
            [
              127.3004004,
              36.531633
            ],
            [
              127.2997685,
              36.5323121
            ],
            [
              127.2994921,
              36.532585
            ],
            [
              127.2993499,
              36.5329848
            ],
            [
              127.2990823,
              36.5332134
            ],
            [
              127.2979661,
              36.537106
            ],
            [
              127.2976765,
              36.5382313
            ],
            [
              127.2976492,
              36.5390074
            ],
            [
              127.2970785,
              36.5409303
            ],
            [
              127.296828,
              36.5418488
            ],
            [
              127.2962746,
              36.5430695
            ],
            [
              127.2959525,
              36.5439992
            ],
            [
              127.2956234,
              36.5445741
            ],
            [
              127.2958395,
              36.5459101
            ],
            [
              127.2957513,
              36.5463518
            ],
            [
              127.2958217,
              36.5465781
            ],
            [
              127.2961136,
              36.5467802
            ],
            [
              127.2964456,
              36.5471844
            ],
            [
              127.2965563,
              36.5477584
            ],
            [
              127.2966029,
              36.5479562
            ],
            [
              127.2966972,
              36.5483566
            ],
            [
              127.2969991,
              36.5487365
            ],
            [
              127.2975626,
              36.5492216
            ],
            [
              127.2976451,
              36.54951
            ],
            [
              127.2978193,
              36.5507032
            ],
            [
              127.297957,
              36.5512767
            ],
            [
              127.2979826,
              36.551442
            ],
            [
              127.2980415,
              36.5516239
            ],
            [
              127.2980456,
              36.5519943
            ],
            [
              127.2981688,
              36.5522302
            ],
            [
              127.2981261,
              36.5534331
            ],
            [
              127.2985185,
              36.554193
            ],
            [
              127.2991827,
              36.5552438
            ],
            [
              127.2998368,
              36.5562461
            ],
            [
              127.3001185,
              36.5569493
            ],
            [
              127.2999776,
              36.5573858
            ],
            [
              127.2998468,
              36.5577738
            ],
            [
              127.3001084,
              36.5588327
            ],
            [
              127.3003399,
              36.559552
            ],
            [
              127.3007323,
              36.5609018
            ],
            [
              127.301477,
              36.5614999
            ],
            [
              127.3019197,
              36.5620657
            ],
            [
              127.3026543,
              36.5623567
            ],
            [
              127.3032178,
              36.5630033
            ],
            [
              127.3037008,
              36.5634801
            ],
            [
              127.3041637,
              36.5643045
            ],
            [
              127.3042543,
              36.564644
            ],
            [
              127.3040933,
              36.5651532
            ],
            [
              127.303721,
              36.5652744
            ],
            [
              127.3039423,
              36.565727
            ],
            [
              127.3039122,
              36.5660503
            ],
            [
              127.3040832,
              36.5662847
            ],
            [
              127.3039927,
              36.5667858
            ],
            [
              127.3041335,
              36.5674161
            ],
            [
              127.3040832,
              36.5681516
            ],
            [
              127.3035398,
              36.5690972
            ]
          ]
        ]
      }
    },
    {
      "type": "Feature",
      "properties": {
        "osm_id": 91821165,
        "name": "노송천",
        "review": "no",
        "source": "Bing (adjusted)",
        "waterway": "stream"
      },
      "geometry": {
        "type": "LineString",
        "coordinates": [
          [
            127.3711979,
            36.5905164
          ],
          [
            127.370803,
            36.5903648
          ],
          [
            127.3688202,
            36.5887176
          ],
          [
            127.3686228,
            36.5884901
          ],
          [
            127.3683653,
            36.5884005
          ],
          [
            127.3680305,
            36.5881111
          ],
          [
            127.3678331,
            36.5878767
          ],
          [
            127.3675241,
            36.5877251
          ],
          [
            127.3671893,
            36.5873391
          ],
          [
            127.3668116,
            36.5870703
          ],
          [
            127.3662966,
            36.5866155
          ],
          [
            127.3658073,
            36.5862846
          ],
          [
            127.3655842,
            36.5861743
          ],
          [
            127.3651121,
            36.5860847
          ],
          [
            127.3646829,
            36.5861123
          ],
          [
            127.3642451,
            36.5863191
          ],
          [
            127.3633352,
            36.5870635
          ],
          [
            127.3628803,
            36.5873805
          ],
          [
            127.3625885,
            36.5874287
          ],
          [
            127.3622279,
            36.5873736
          ],
          [
            127.3618331,
            36.5872358
          ],
          [
            127.3617043,
            36.5871186
          ],
          [
            127.3616185,
            36.5868153
          ],
          [
            127.3615155,
            36.5865327
          ],
          [
            127.3611893,
            36.5862708
          ],
          [
            127.3609242,
            36.586162
          ],
          [
            127.3604029,
            36.5861114
          ],
          [
            127.3601788,
            36.5860478
          ],
          [
            127.3598052,
            36.5860937
          ],
          [
            127.3589658,
            36.5860408
          ],
          [
            127.3580209,
            36.5859149
          ],
          [
            127.3576518,
            36.5858537
          ],
          [
            127.3571332,
            36.5857973
          ],
          [
            127.3568431,
            36.5858008
          ],
          [
            127.3566701,
            36.5857846
          ],
          [
            127.3564827,
            36.5857691
          ],
          [
            127.355907,
            36.585702
          ],
          [
            127.3555159,
            36.5856879
          ],
          [
            127.3550193,
            36.585582
          ],
          [
            127.3547204,
            36.5853526
          ],
          [
            127.354404,
            36.5853174
          ],
          [
            127.354004,
            36.585395
          ],
          [
            127.3536613,
            36.5855256
          ],
          [
            127.3534503,
            36.5856526
          ],
          [
            127.3530518,
            36.5857866
          ],
          [
            127.3528268,
            36.5858854
          ],
          [
            127.3525138,
            36.585908
          ],
          [
            127.3521376,
            36.5859363
          ],
          [
            127.3516138,
            36.5859588
          ],
          [
            127.351227,
            36.5858798
          ],
          [
            127.3509739,
            36.5858459
          ],
          [
            127.350668,
            36.5858233
          ],
          [
            127.3501125,
            36.5855805
          ],
          [
            127.3494374,
            36.5852813
          ],
          [
            127.3490437,
            36.5851091
          ],
          [
            127.3486886,
            36.5849284
          ],
          [
            127.3484701,
            36.5849001
          ],
          [
            127.3483616,
            36.5848861
          ],
          [
            127.3480979,
            36.5849679
          ],
          [
            127.347792,
            36.585126
          ],
          [
            127.3475283,
            36.5851881
          ],
          [
            127.3471908,
            36.5851345
          ],
          [
            127.3468673,
            36.5850554
          ],
          [
            127.3466177,
            36.5849933
          ],
          [
            127.3462907,
            36.5850018
          ],
          [
            127.346136,
            36.585143
          ],
          [
            127.3456227,
            36.5855693
          ],
          [
            127.3454118,
            36.5857725
          ],
          [
            127.3452114,
            36.5862186
          ],
          [
            127.3450356,
            36.5864642
          ],
          [
            127.3446805,
            36.5865658
          ],
          [
            127.3442797,
            36.5865573
          ],
          [
            127.3434464,
            36.5865517
          ],
          [
            127.342803,
            36.5864077
          ],
          [
            127.3422369,
            36.5862863
          ],
          [
            127.3418748,
            36.5861621
          ],
          [
            127.3416252,
            36.586052
          ],
          [
            127.3413158,
            36.5859391
          ],
          [
            127.3411048,
            36.5858007
          ],
          [
            127.3408306,
            36.5854987
          ],
          [
            127.3405212,
            36.5853011
          ],
          [
            127.340268,
            36.5850526
          ],
          [
            127.3400219,
            36.5848437
          ],
          [
            127.3397688,
            36.5847844
          ],
          [
            127.3395227,
            36.5848211
          ],
          [
            127.3390621,
            36.584999
          ],
          [
            127.3386332,
            36.5850272
          ],
          [
            127.3382921,
            36.584951
          ],
          [
            127.3378913,
            36.5846997
          ],
          [
            127.3376136,
            36.5843017
          ],
          [
            127.3373569,
            36.584056
          ],
          [
            127.3369561,
            36.5837963
          ],
          [
            127.336833,
            36.5837173
          ],
          [
            127.3365764,
            36.583689
          ],
          [
            127.3358521,
            36.5837257
          ],
          [
            127.3356376,
            36.5837455
          ],
          [
            127.3352193,
            36.5836777
          ],
          [
            127.3342594,
            36.5834519
          ],
          [
            127.3339817,
            36.5833841
          ],
          [
            127.3334015,
            36.5834152
          ],
          [
            127.3332679,
            36.5834632
          ],
          [
            127.3331062,
            36.5834603
          ],
          [
            127.3329585,
            36.5834829
          ],
          [
            127.332737,
            36.5834152
          ],
          [
            127.3325648,
            36.5833164
          ],
          [
            127.3322694,
            36.5832401
          ],
          [
            127.3317878,
            36.5830227
          ],
          [
            127.3310846,
            36.582763
          ],
          [
            127.3306205,
            36.5825597
          ],
          [
            127.3302232,
            36.5824157
          ],
          [
            127.3297907,
            36.5821701
          ],
          [
            127.3295306,
            36.5820459
          ],
          [
            127.3293302,
            36.581916
          ],
          [
            127.328743,
            36.5817099
          ],
          [
            127.3284477,
            36.5815349
          ],
          [
            127.3282578,
            36.5813965
          ],
          [
            127.3279379,
            36.581086
          ],
          [
            127.3275971,
            36.5807368
          ],
          [
            127.3270752,
            36.5804016
          ],
          [
            127.3268005,
            36.5801633
          ],
          [
            127.3265423,
            36.5800178
          ],
          [
            127.3261193,
            36.5799648
          ],
          [
            127.3258391,
            36.579934
          ],
          [
            127.325412,
            36.5801161
          ],
          [
            127.3249771,
            36.5802592
          ],
          [
            127.3243945,
            36.5805521
          ],
          [
            127.3238718,
            36.5807338
          ],
          [
            127.3235122,
            36.580763
          ],
          [
            127.3227932,
            36.5807058
          ],
          [
            127.3224946,
            36.5808505
          ],
          [
            127.3218853,
            36.5810544
          ],
          [
            127.3213736,
            36.5813586
          ],
          [
            127.3209048,
            36.5814653
          ],
          [
            127.320565,
            36.5816472
          ],
          [
            127.3204084,
            36.5817679
          ],
          [
            127.320276,
            36.5818699
          ],
          [
            127.3198762,
            36.5823792
          ]
        ]
      }
    },
    {
      "type": "Feature",
      "properties": {
        "osm_id": 201717615,
        "name": "미호강",
        "name:en": "Mihogang (Riv.)",
        "name:ko-Hani": "美湖江",
        "name:zh": "美湖江",
        "name:zh-Hant": "美湖江",
        "review": "no",
        "waterway": "river"
      },
      "geometry": {
        "type": "LineString",
        "coordinates": [
          [
            127.5015908,
            36.9820639
          ],
          [
            127.5007821,
            36.9809448
          ],
          [
            127.5003505,
            36.9803708
          ],
          [
            127.5000368,
            36.9800021
          ],
          [
            127.4988412,
            36.979295
          ],
          [
            127.4968692,
            36.9783647
          ],
          [
            127.4964281,
            36.9780411
          ],
          [
            127.4955338,
            36.9773848
          ],
          [
            127.494214,
            36.9756977
          ],
          [
            127.4931271,
            36.97442
          ],
          [
            127.4911562,
            36.971847
          ],
          [
            127.4898567,
            36.9699068
          ],
          [
            127.4888475,
            36.9686789
          ],
          [
            127.4870247,
            36.9664163
          ],
          [
            127.4853177,
            36.9642266
          ],
          [
            127.4843156,
            36.9629399
          ],
          [
            127.4846717,
            36.9616152
          ],
          [
            127.4843486,
            36.9609155
          ],
          [
            127.483626,
            36.9597565
          ],
          [
            127.483115,
            36.9593797
          ],
          [
            127.4824593,
            36.9584437
          ],
          [
            127.4822261,
            36.9582423
          ],
          [
            127.4821052,
            36.9581379
          ],
          [
            127.4817791,
            36.9572197
          ],
          [
            127.4815617,
            36.9560161
          ],
          [
            127.4812667,
            36.9553089
          ],
          [
            127.4798474,
            36.954428
          ],
          [
            127.4790892,
            36.9540809
          ],
          [
            127.4780638,
            36.953733
          ],
          [
            127.4776892,
            36.9537152
          ],
          [
            127.4775245,
            36.9534876
          ],
          [
            127.4773395,
            36.9532321
          ],
          [
            127.4769076,
            36.9526353
          ],
          [
            127.4760278,
            36.9519237
          ],
          [
            127.4750515,
            36.9504061
          ],
          [
            127.4740736,
            36.9492482
          ],
          [
            127.4730023,
            36.9474828
          ],
          [
            127.4723677,
            36.9463586
          ],
          [
            127.4717132,
            36.9452697
          ],
          [
            127.4713229,
            36.9444191
          ],
          [
            127.4704623,
            36.9430532
          ],
          [
            127.4700192,
            36.9421783
          ],
          [
            127.4698464,
            36.9417626
          ],
          [
            127.4695154,
            36.9413347
          ],
          [
            127.4692349,
            36.9406907
          ],
          [
            127.4690005,
            36.9401256
          ],
          [
            127.4686341,
            36.939756
          ],
          [
            127.4681447,
            36.9391293
          ],
          [
            127.4668572,
            36.9385189
          ],
          [
            127.4645746,
            36.9377742
          ],
          [
            127.4630995,
            36.9373522
          ],
          [
            127.4618728,
            36.9364959
          ],
          [
            127.4611431,
            36.935565
          ],
          [
            127.4599474,
            36.9348203
          ],
          [
            127.4597354,
            36.93466
          ],
          [
            127.4593729,
            36.9343859
          ],
          [
            127.4587294,
            36.9338823
          ],
          [
            127.4573024,
            36.9329483
          ],
          [
            127.4550664,
            36.9322387
          ],
          [
            127.4527855,
            36.931601
          ],
          [
            127.4519427,
            36.9317178
          ],
          [
            127.4508191,
            36.9322387
          ],
          [
            127.4485606,
            36.933074
          ],
          [
            127.4473808,
            36.9330022
          ],
          [
            127.4467601,
            36.9327442
          ],
          [
            127.4463793,
            36.9313685
          ],
          [
            127.4462711,
            36.9303646
          ],
          [
            127.4462241,
            36.9299287
          ],
          [
            127.4466899,
            36.926838
          ],
          [
            127.4480097,
            36.9245665
          ],
          [
            127.4483979,
            36.9235486
          ],
          [
            127.4473731,
            36.9217114
          ],
          [
            127.4450129,
            36.9192038
          ],
          [
            127.4441744,
            36.917441
          ],
          [
            127.4442085,
            36.9164755
          ],
          [
            127.4442521,
            36.9152436
          ],
          [
            127.445044,
            36.9134187
          ],
          [
            127.4458048,
            36.9103149
          ],
          [
            127.4466122,
            36.9090361
          ],
          [
            127.4480874,
            36.908229
          ],
          [
            127.4502767,
            36.907571
          ],
          [
            127.4519382,
            36.9063046
          ],
          [
            127.4545157,
            36.9041566
          ],
          [
            127.4583045,
            36.9001956
          ],
          [
            127.4599417,
            36.8977482
          ],
          [
            127.4629887,
            36.895157
          ],
          [
            127.4651345,
            36.8935268
          ],
          [
            127.466379,
            36.8913645
          ],
          [
            127.4682197,
            36.8886115
          ],
          [
            127.4711532,
            36.8863065
          ],
          [
            127.4711258,
            36.8841841
          ],
          [
            127.4716252,
            36.8820956
          ],
          [
            127.4740394,
            36.8796939
          ],
          [
            127.4753548,
            36.8781782
          ],
          [
            127.4758419,
            36.877617
          ],
          [
            127.4774083,
            36.8756088
          ],
          [
            127.4781807,
            36.8734288
          ],
          [
            127.4798974,
            36.8716093
          ],
          [
            127.4826869,
            36.8697382
          ],
          [
            127.4843391,
            36.8686395
          ],
          [
            127.489383,
            36.8679876
          ],
          [
            127.4912845,
            36.8677123
          ],
          [
            127.4928666,
            36.8668425
          ],
          [
            127.4941882,
            36.866116
          ],
          [
            127.4964627,
            36.8650517
          ],
          [
            127.4973973,
            36.8646571
          ],
          [
            127.4992754,
            36.8635963
          ],
          [
            127.4998032,
            36.8632959
          ],
          [
            127.5022109,
            36.8629202
          ],
          [
            127.5033491,
            36.8623318
          ],
          [
            127.5034779,
            36.8613517
          ],
          [
            127.5034347,
            36.8598311
          ],
          [
            127.503494,
            36.8591584
          ],
          [
            127.5039822,
            36.8584803
          ],
          [
            127.5050694,
            36.8577151
          ],
          [
            127.5059758,
            36.8567537
          ],
          [
            127.5062138,
            36.8560852
          ],
          [
            127.505908,
            36.8550593
          ],
          [
            127.5051547,
            36.8534298
          ],
          [
            127.5044023,
            36.852154
          ],
          [
            127.5035323,
            36.8503714
          ],
          [
            127.5033046,
            36.8494995
          ],
          [
            127.5032559,
            36.8479119
          ],
          [
            127.5035648,
            36.8466626
          ],
          [
            127.5038088,
            36.8453873
          ],
          [
            127.5035811,
            36.844125
          ],
          [
            127.502768,
            36.8426153
          ],
          [
            127.5018981,
            36.8416838
          ],
          [
            127.4999965,
            36.8398972
          ],
          [
            127.4982681,
            36.8386054
          ],
          [
            127.4979151,
            36.8368404
          ],
          [
            127.4976575,
            36.8351702
          ],
          [
            127.4964989,
            36.8332167
          ],
          [
            127.4944604,
            36.8293867
          ],
          [
            127.4939561,
            36.8276477
          ],
          [
            127.4935672,
            36.8260718
          ],
          [
            127.4927008,
            36.8251121
          ],
          [
            127.4922717,
            36.8245667
          ],
          [
            127.4919616,
            36.8239852
          ],
          [
            127.4919766,
            36.8233944
          ],
          [
            127.49212,
            36.8227961
          ],
          [
            127.4927766,
            36.8212785
          ],
          [
            127.4928416,
            36.8198838
          ],
          [
            127.4925267,
            36.8193031
          ],
          [
            127.4926655,
            36.8183655
          ],
          [
            127.4924118,
            36.8166719
          ],
          [
            127.4921672,
            36.8148763
          ],
          [
            127.4915497,
            36.8144467
          ],
          [
            127.490829,
            36.8140701
          ],
          [
            127.4901538,
            36.8134689
          ],
          [
            127.4894482,
            36.8128979
          ],
          [
            127.4893496,
            36.812327
          ],
          [
            127.489342,
            36.8115921
          ],
          [
            127.4895393,
            36.8108572
          ],
          [
            127.4897669,
            36.8104016
          ],
          [
            127.4904497,
            36.8098185
          ],
          [
            127.4913297,
            36.8091686
          ],
          [
            127.4920128,
            36.8084979
          ],
          [
            127.4920638,
            36.808175
          ],
          [
            127.4928079,
            36.8067721
          ],
          [
            127.4932954,
            36.8064129
          ],
          [
            127.4938941,
            36.8060594
          ],
          [
            127.4942563,
            36.8056721
          ],
          [
            127.4945059,
            36.8052233
          ],
          [
            127.4947489,
            36.8042827
          ],
          [
            127.494805,
            36.8031759
          ],
          [
            127.493748,
            36.80227
          ],
          [
            127.4929637,
            36.8021118
          ],
          [
            127.4925178,
            36.8020971
          ],
          [
            127.4909169,
            36.8022256
          ],
          [
            127.4905175,
            36.8024855
          ],
          [
            127.4888545,
            36.8026394
          ],
          [
            127.4873364,
            36.8022922
          ],
          [
            127.486649,
            36.8015827
          ],
          [
            127.4868645,
            36.8006232
          ],
          [
            127.4871272,
            36.8004194
          ],
          [
            127.4875011,
            36.7995412
          ],
          [
            127.4877813,
            36.7988681
          ],
          [
            127.488215,
            36.7972574
          ],
          [
            127.4884035,
            36.7959014
          ],
          [
            127.4886829,
            36.7953206
          ],
          [
            127.4888563,
            36.7946656
          ],
          [
            127.4887182,
            36.7937023
          ],
          [
            127.4882425,
            36.7926702
          ],
          [
            127.4876123,
            36.7922306
          ],
          [
            127.48638,
            36.7909796
          ],
          [
            127.4857217,
            36.7906983
          ],
          [
            127.4851474,
            36.7907007
          ],
          [
            127.4840051,
            36.7912825
          ],
          [
            127.4832794,
            36.7915534
          ],
          [
            127.4823904,
            36.7923006
          ],
          [
            127.4811803,
            36.7931419
          ],
          [
            127.4805021,
            36.7933102
          ],
          [
            127.4794874,
            36.7934831
          ],
          [
            127.4776941,
            36.7928249
          ],
          [
            127.4767578,
            36.7923006
          ],
          [
            127.4762246,
            36.7915546
          ],
          [
            127.4765763,
            36.7908474
          ],
          [
            127.4785721,
            36.7899228
          ],
          [
            127.4815235,
            36.7875143
          ],
          [
            127.4823368,
            36.786299
          ],
          [
            127.4840976,
            36.784558
          ],
          [
            127.4851209,
            36.7841208
          ],
          [
            127.4872435,
            36.7838841
          ],
          [
            127.4880949,
            36.7837891
          ],
          [
            127.4906767,
            36.7825582
          ],
          [
            127.4934113,
            36.7808883
          ],
          [
            127.4991117,
            36.7798957
          ],
          [
            127.5030899,
            36.7801773
          ],
          [
            127.5055851,
            36.7794364
          ],
          [
            127.5058705,
            36.7792463
          ],
          [
            127.5071114,
            36.7784201
          ],
          [
            127.5089109,
            36.7764407
          ],
          [
            127.510244,
            36.7754843
          ],
          [
            127.5105018,
            36.7747221
          ],
          [
            127.5101677,
            36.7732978
          ],
          [
            127.5095356,
            36.7711176
          ],
          [
            127.5084912,
            36.7694414
          ],
          [
            127.5073414,
            36.7687488
          ],
          [
            127.506913,
            36.7681803
          ],
          [
            127.5067357,
            36.767423
          ],
          [
            127.5063344,
            36.7667063
          ],
          [
            127.5055801,
            36.7663497
          ],
          [
            127.5037316,
            36.765515
          ],
          [
            127.5028888,
            36.7644987
          ],
          [
            127.5024861,
            36.7627624
          ],
          [
            127.5024335,
            36.7616978
          ],
          [
            127.5024689,
            36.7603211
          ],
          [
            127.5015818,
            36.7593394
          ],
          [
            127.4999577,
            36.7584284
          ],
          [
            127.4983517,
            36.75719
          ],
          [
            127.496465,
            36.7559795
          ],
          [
            127.4955872,
            36.7550533
          ],
          [
            127.4931954,
            36.7532977
          ],
          [
            127.4927196,
            36.7521977
          ],
          [
            127.4926086,
            36.7514455
          ],
          [
            127.4924937,
            36.7509168
          ],
          [
            127.4924387,
            36.7506218
          ],
          [
            127.4919406,
            36.7496554
          ],
          [
            127.4908521,
            36.7487118
          ],
          [
            127.4892971,
            36.747553
          ],
          [
            127.4890826,
            36.7468051
          ],
          [
            127.4877653,
            36.7462321
          ],
          [
            127.4872067,
            36.7457114
          ],
          [
            127.486969,
            36.7454898
          ],
          [
            127.4866416,
            36.7445421
          ],
          [
            127.486607,
            36.7441624
          ],
          [
            127.4865538,
            36.7439018
          ],
          [
            127.486661,
            36.7433017
          ],
          [
            127.4868785,
            36.742281
          ],
          [
            127.4866198,
            36.7418068
          ],
          [
            127.4861467,
            36.7412813
          ],
          [
            127.4844765,
            36.74056
          ],
          [
            127.4840238,
            36.7402522
          ],
          [
            127.483547,
            36.7400394
          ],
          [
            127.4830459,
            36.739764
          ],
          [
            127.4828286,
            36.7393512
          ],
          [
            127.4830336,
            36.7390149
          ],
          [
            127.4832827,
            36.7386611
          ],
          [
            127.4832618,
            36.7382435
          ],
          [
            127.483392,
            36.7377362
          ],
          [
            127.4830419,
            36.7358594
          ],
          [
            127.4822929,
            36.7346803
          ],
          [
            127.4810862,
            36.7336613
          ],
          [
            127.4809522,
            36.7330788
          ],
          [
            127.4810267,
            36.7321316
          ],
          [
            127.4808989,
            36.7315983
          ],
          [
            127.4805909,
            36.7308293
          ],
          [
            127.4803778,
            36.7306032
          ],
          [
            127.480244,
            36.7303907
          ],
          [
            127.4802073,
            36.729771
          ],
          [
            127.4797278,
            36.7291303
          ],
          [
            127.4790786,
            36.7289161
          ],
          [
            127.4787046,
            36.7287073
          ],
          [
            127.4783012,
            36.7281913
          ],
          [
            127.4780431,
            36.7276737
          ],
          [
            127.477994,
            36.7267231
          ],
          [
            127.4787294,
            36.7252067
          ],
          [
            127.4786804,
            36.7242658
          ],
          [
            127.4788902,
            36.7229399
          ],
          [
            127.4783594,
            36.7217574
          ],
          [
            127.4777242,
            36.7210032
          ],
          [
            127.4775443,
            36.7207896
          ],
          [
            127.4769318,
            36.7202181
          ],
          [
            127.4765468,
            36.7187297
          ],
          [
            127.4762596,
            36.7179595
          ],
          [
            127.4762668,
            36.7157598
          ],
          [
            127.4760938,
            36.7151849
          ],
          [
            127.4759879,
            36.7148329
          ],
          [
            127.4758495,
            36.7143731
          ],
          [
            127.4752223,
            36.7134397
          ],
          [
            127.4745093,
            36.7129239
          ],
          [
            127.4737735,
            36.7125435
          ],
          [
            127.4727813,
            36.7123236
          ],
          [
            127.4709097,
            36.7122588
          ],
          [
            127.4696481,
            36.711684
          ],
          [
            127.4681014,
            36.7108691
          ],
          [
            127.4665417,
            36.7098465
          ],
          [
            127.4657489,
            36.7089637
          ],
          [
            127.4651706,
            36.7076964
          ],
          [
            127.4647875,
            36.7047894
          ],
          [
            127.4647287,
            36.7028417
          ],
          [
            127.464738,
            36.7017291
          ],
          [
            127.4635032,
            36.6997905
          ],
          [
            127.4622771,
            36.6984605
          ],
          [
            127.4615167,
            36.6964311
          ],
          [
            127.460023,
            36.6950935
          ],
          [
            127.457915,
            36.6943582
          ],
          [
            127.455502,
            36.6936897
          ],
          [
            127.4533978,
            36.6920732
          ],
          [
            127.4504686,
            36.6895211
          ],
          [
            127.4485462,
            36.6874835
          ],
          [
            127.446668,
            36.6853926
          ],
          [
            127.4444805,
            36.6840282
          ],
          [
            127.4424302,
            36.6833615
          ],
          [
            127.4412102,
            36.6831599
          ],
          [
            127.4390227,
            36.6830536
          ],
          [
            127.4355536,
            36.6826814
          ],
          [
            127.4344708,
            36.6821868
          ],
          [
            127.4337575,
            36.6821989
          ],
          [
            127.4331096,
            36.6824102
          ],
          [
            127.4321937,
            36.6834442
          ],
          [
            127.4313899,
            36.6837097
          ],
          [
            127.4299486,
            36.6834758
          ],
          [
            127.4279107,
            36.683072
          ],
          [
            127.4261842,
            36.6824967
          ],
          [
            127.4259991,
            36.6823304
          ],
          [
            127.4257775,
            36.6822948
          ],
          [
            127.4244587,
            36.6821761
          ],
          [
            127.4238545,
            36.6817386
          ],
          [
            127.422561,
            36.6810689
          ],
          [
            127.4209225,
            36.6806414
          ],
          [
            127.4192093,
            36.6806659
          ],
          [
            127.4181792,
            36.6808609
          ],
          [
            127.4171508,
            36.6810555
          ],
          [
            127.4162788,
            36.6812137
          ],
          [
            127.4157175,
            36.6816973
          ],
          [
            127.4151645,
            36.6816816
          ],
          [
            127.4144597,
            36.6816616
          ],
          [
            127.4122771,
            36.681279
          ],
          [
            127.4103572,
            36.6807925
          ],
          [
            127.4088613,
            36.6802006
          ],
          [
            127.4068267,
            36.6798606
          ],
          [
            127.4052649,
            36.6798026
          ],
          [
            127.4040238,
            36.6795928
          ],
          [
            127.4023681,
            36.6793253
          ],
          [
            127.4024391,
            36.6785706
          ],
          [
            127.4018239,
            36.6776829
          ],
          [
            127.4008944,
            36.6774209
          ],
          [
            127.3997609,
            36.677309
          ],
          [
            127.398342,
            36.6770376
          ],
          [
            127.3981846,
            36.6769269
          ],
          [
            127.3977819,
            36.6766439
          ],
          [
            127.3972127,
            36.6753422
          ],
          [
            127.3965414,
            36.6749784
          ],
          [
            127.3962925,
            36.6745046
          ],
          [
            127.3954599,
            36.6739261
          ],
          [
            127.394878,
            36.6733811
          ],
          [
            127.3942557,
            36.6727397
          ],
          [
            127.3939761,
            36.6720623
          ],
          [
            127.3937431,
            36.6714979
          ],
          [
            127.3934822,
            36.6704685
          ],
          [
            127.3926206,
            36.6688407
          ],
          [
            127.3913169,
            36.6672278
          ],
          [
            127.3903813,
            36.6665218
          ],
          [
            127.3891216,
            36.6658844
          ],
          [
            127.3881129,
            36.6647287
          ],
          [
            127.387207,
            36.6631513
          ],
          [
            127.3871489,
            36.6630633
          ],
          [
            127.385997,
            36.6613182
          ],
          [
            127.3861285,
            36.660178
          ],
          [
            127.3855867,
            36.6590884
          ],
          [
            127.3848006,
            36.6590889
          ],
          [
            127.3843997,
            36.6590259
          ],
          [
            127.3840983,
            36.6589614
          ],
          [
            127.3835368,
            36.6588328
          ],
          [
            127.3832418,
            36.6587385
          ],
          [
            127.3826604,
            36.6582057
          ],
          [
            127.3822911,
            36.6575035
          ],
          [
            127.3804327,
            36.6546972
          ],
          [
            127.3782281,
            36.6532355
          ],
          [
            127.3774599,
            36.6522704
          ],
          [
            127.3751645,
            36.6501934
          ],
          [
            127.3718059,
            36.6488106
          ],
          [
            127.3704174,
            36.6483343
          ],
          [
            127.3699972,
            36.6480449
          ],
          [
            127.3693751,
            36.6473286
          ],
          [
            127.3685001,
            36.6460499
          ],
          [
            127.3671331,
            36.6445678
          ],
          [
            127.3654065,
            36.6431415
          ],
          [
            127.363344,
            36.6424144
          ],
          [
            127.3613754,
            36.6411105
          ],
          [
            127.3600942,
            36.6391798
          ],
          [
            127.3589363,
            36.6377859
          ],
          [
            127.3582528,
            36.6371272
          ],
          [
            127.3579628,
            36.6351807
          ],
          [
            127.3573963,
            36.6333559
          ],
          [
            127.3566515,
            36.6326744
          ],
          [
            127.3558415,
            36.6320349
          ],
          [
            127.354535,
            36.6315736
          ],
          [
            127.3533853,
            36.6310703
          ],
          [
            127.3525622,
            36.6303049
          ],
          [
            127.3522356,
            36.6299065
          ],
          [
            127.3518828,
            36.6287322
          ],
          [
            127.3512426,
            36.627107
          ],
          [
            127.3517481,
            36.6260944
          ],
          [
            127.3517483,
            36.625326
          ],
          [
            127.3517484,
            36.6248654
          ],
          [
            127.3512144,
            36.6237161
          ],
          [
            127.3505763,
            36.6221684
          ],
          [
            127.3506286,
            36.620931
          ],
          [
            127.3505502,
            36.6198405
          ],
          [
            127.3503804,
            36.6188653
          ],
          [
            127.3500537,
            36.6180578
          ],
          [
            127.3496748,
            36.6176803
          ],
          [
            127.349309,
            36.6170407
          ],
          [
            127.3491522,
            36.6162017
          ],
          [
            127.3491392,
            36.6152894
          ],
          [
            127.3492437,
            36.6142931
          ],
          [
            127.3491914,
            36.6135696
          ],
          [
            127.3489693,
            36.613192
          ],
          [
            127.3487864,
            36.6125628
          ],
          [
            127.3485251,
            36.6116294
          ],
          [
            127.3477412,
            36.6105597
          ],
          [
            127.3468528,
            36.6098151
          ],
          [
            127.3458599,
            36.6087035
          ],
          [
            127.3450629,
            36.6079798
          ],
          [
            127.3445664,
            36.607382
          ],
          [
            127.3442696,
            36.6067285
          ],
          [
            127.3440961,
            36.6059452
          ],
          [
            127.3435212,
            36.6051795
          ],
          [
            127.3434298,
            36.6044244
          ],
          [
            127.3433645,
            36.6037951
          ],
          [
            127.3435343,
            36.603407
          ],
          [
            127.3439132,
            36.6030085
          ],
          [
            127.3442137,
            36.6022428
          ],
          [
            127.3445795,
            36.6009108
          ],
          [
            127.3447624,
            36.599994
          ],
          [
            127.344637,
            36.5990039
          ],
          [
            127.3440621,
            36.5981312
          ],
          [
            127.3433096,
            36.5973173
          ],
          [
            127.3423689,
            36.5967047
          ],
          [
            127.3413551,
            36.5963774
          ],
          [
            127.3401635,
            36.5961928
          ],
          [
            127.3385748,
            36.5961089
          ],
          [
            127.3369443,
            36.5962432
          ],
          [
            127.3349898,
            36.5960837
          ],
          [
            127.3341536,
            36.5958068
          ],
          [
            127.3330039,
            36.5949593
          ],
          [
            127.331457,
            36.5934991
          ]
        ]
      }
    },
    {
      "type": "Feature",
      "properties": {
        "osm_id": 230620325,
        "highway": "service",
        "name": "태성탑연로",
        "name:en": "Taeseongtabyeon-ro",
        "name:ko": "태성탑연로"
      },
      "geometry": {
        "type": "LineString",
        "coordinates": [
          [
            127.356568,
            36.6152963
          ],
          [
            127.3565626,
            36.6152047
          ],
          [
            127.3564714,
            36.6146579
          ],
          [
            127.3564231,
            36.6143866
          ],
          [
            127.3564339,
            36.6141498
          ],
          [
            127.3564698,
            36.6137306
          ],
          [
            127.3564767,
            36.6136687
          ],
          [
            127.3565098,
            36.613099
          ],
          [
            127.3565215,
            36.6130134
          ],
          [
            127.3565733,
            36.6125356
          ],
          [
            127.3565787,
            36.6124884
          ],
          [
            127.3566224,
            36.6123264
          ],
          [
            127.3566332,
            36.612221
          ],
          [
            127.3566507,
            36.6120507
          ],
          [
            127.3567022,
            36.6115491
          ],
          [
            127.3567273,
            36.6112935
          ],
          [
            127.3567413,
            36.6111904
          ],
          [
            127.3567487,
            36.611104
          ],
          [
            127.3568024,
            36.6109016
          ],
          [
            127.3569204,
            36.6106002
          ],
          [
            127.3569447,
            36.6105581
          ],
          [
            127.3570545,
            36.6103677
          ],
          [
            127.3571728,
            36.6101733
          ],
          [
            127.3573244,
            36.6099241
          ],
          [
            127.3577216,
            36.6092713
          ],
          [
            127.3581431,
            36.6085784
          ]
        ]
      }
    },
    {
      "type": "Feature",
      "properties": {
        "osm_id": 319806784,
        "highway": "secondary",
        "maxspeed": "60",
        "name": "태성탑연로",
        "name:en": "Taeseongtabyeon-ro",
        "name:ko": "태성탑연로",
        "ref": "507",
        "review": "no"
      },
      "geometry": {
        "type": "LineString",
        "coordinates": [
          [
            127.3539349,
            36.5972859
          ],
          [
            127.3540152,
            36.5978489
          ],
          [
            127.3542357,
            36.5987737
          ],
          [
            127.3544391,
            36.5994073
          ],
          [
            127.3547948,
            36.600521
          ],
          [
            127.3550461,
            36.6011887
          ],
          [
            127.3553956,
            36.6020205
          ],
          [
            127.3556512,
            36.6027942
          ],
          [
            127.355668,
            36.6028451
          ],
          [
            127.3557297,
            36.6031514
          ],
          [
            127.3557105,
            36.6035765
          ],
          [
            127.3556272,
            36.6039336
          ],
          [
            127.3555399,
            36.6042105
          ],
          [
            127.3553406,
            36.6045865
          ],
          [
            127.3538788,
            36.6065043
          ],
          [
            127.353777,
            36.6066425
          ],
          [
            127.3534321,
            36.6070699
          ],
          [
            127.35274,
            36.6079275
          ],
          [
            127.3521314,
            36.6087475
          ],
          [
            127.3520054,
            36.6091125
          ],
          [
            127.3519467,
            36.6093962
          ],
          [
            127.3519158,
            36.6095596
          ],
          [
            127.3518074,
            36.6100563
          ],
          [
            127.3517535,
            36.6105887
          ],
          [
            127.3517074,
            36.6110437
          ],
          [
            127.351718,
            36.6113563
          ],
          [
            127.3517377,
            36.611492
          ],
          [
            127.3518075,
            36.6119721
          ],
          [
            127.3518142,
            36.612018
          ],
          [
            127.3519921,
            36.6124103
          ],
          [
            127.3521811,
            36.612727
          ],
          [
            127.3522445,
            36.6128331
          ],
          [
            127.3522697,
            36.6128823
          ],
          [
            127.35317,
            36.61464
          ],
          [
            127.35382,
            36.61579
          ],
          [
            127.35425,
            36.61633
          ],
          [
            127.35505,
            36.61713
          ],
          [
            127.35611,
            36.61794
          ],
          [
            127.3561785,
            36.617994
          ],
          [
            127.3563683,
            36.6181438
          ],
          [
            127.3572,
            36.6188
          ],
          [
            127.3576263,
            36.6191438
          ],
          [
            127.3577645,
            36.6192519
          ],
          [
            127.3578726,
            36.6193365
          ],
          [
            127.35807,
            36.61954
          ],
          [
            127.3582369,
            36.6197675
          ],
          [
            127.3582999,
            36.6199196
          ],
          [
            127.3583585,
            36.6201138
          ],
          [
            127.3583924,
            36.6202844
          ],
          [
            127.3584232,
            36.6204971
          ],
          [
            127.3584416,
            36.620821
          ],
          [
            127.3584544,
            36.6210616
          ],
          [
            127.35853,
            36.6216871
          ],
          [
            127.3585361,
            36.6218077
          ],
          [
            127.3585781,
            36.6223528
          ],
          [
            127.3586118,
            36.6229152
          ],
          [
            127.3586247,
            36.6233486
          ]
        ]
      }
    },
    {
      "type": "Feature",
      "properties": {
        "osm_id": 393486911,
        "highway": "service",
        "junction": "roundabout"
      },
      "geometry": {
        "type": "LineString",
        "coordinates": [
          [
            127.3584407,
            36.6085027
          ],
          [
            127.3584287,
            36.6085234
          ],
          [
            127.358362,
            36.6085723
          ],
          [
            127.3582771,
            36.608597
          ],
          [
            127.3581869,
            36.6085938
          ],
          [
            127.3581431,
            36.6085784
          ],
          [
            127.3581052,
            36.6085631
          ],
          [
            127.3580443,
            36.6085096
          ],
          [
            127.3580135,
            36.6084414
          ],
          [
            127.3580175,
            36.608369
          ],
          [
            127.3580435,
            36.6083245
          ]
        ]
      }
    },
    {
      "type": "Feature",
      "properties": {
        "osm_id": 393486912,
        "highway": "service",
        "name": "청람대로",
        "name:en": "Cheongram-daero"
      },
      "geometry": {
        "type": "LineString",
        "coordinates": [
          [
            127.3584407,
            36.6085027
          ],
          [
            127.3586636,
            36.6085907
          ],
          [
            127.3593318,
            36.6088596
          ],
          [
            127.3595223,
            36.6089362
          ],
          [
            127.3601152,
            36.6091747
          ],
          [
            127.3602203,
            36.609217
          ],
          [
            127.360262,
            36.609266
          ],
          [
            127.3602928,
            36.6093164
          ],
          [
            127.3603644,
            36.6094737
          ],
          [
            127.3603916,
            36.6095398
          ],
          [
            127.3604207,
            36.6096105
          ],
          [
            127.3604718,
            36.6097222
          ],
          [
            127.3605289,
            36.6097889
          ],
          [
            127.3606072,
            36.6098438
          ],
          [
            127.3607858,
            36.6099115
          ],
          [
            127.3609099,
            36.6099646
          ],
          [
            127.3610847,
            36.6100386
          ],
          [
            127.361664,
            36.610284
          ],
          [
            127.3618596,
            36.6103669
          ],
          [
            127.3625337,
            36.6106503
          ]
        ]
      }
    },
    {
      "type": "Feature",
      "properties": {
        "osm_id": 393486914,
        "highway": "service",
        "name": "청람대로",
        "name:en": "Cheongram-daero"
      },
      "geometry": {
        "type": "LineString",
        "coordinates": [
          [
            127.353777,
            36.6066425
          ],
          [
            127.3539395,
            36.6067055
          ],
          [
            127.3540302,
            36.6067406
          ],
          [
            127.354099,
            36.6067673
          ],
          [
            127.3548471,
            36.6070656
          ],
          [
            127.3567398,
            36.6078134
          ],
          [
            127.3571588,
            36.607978
          ],
          [
            127.3572235,
            36.6080046
          ],
          [
            127.3573353,
            36.6080487
          ],
          [
            127.3576767,
            36.6081816
          ],
          [
            127.3580435,
            36.6083245
          ]
        ]
      }
    },
    {
      "type": "Feature",
      "properties": {
        "osm_id": 421414584,
        "highway": "service",
        "name": "예소리길"
      },
      "geometry": {
        "type": "LineString",
        "coordinates": [
          [
            127.3602203,
            36.609217
          ],
          [
            127.3604048,
            36.6089268
          ],
          [
            127.3604222,
            36.6088995
          ],
          [
            127.3604406,
            36.6088706
          ],
          [
            127.3605878,
            36.6086391
          ],
          [
            127.3606004,
            36.6086237
          ],
          [
            127.3608074,
            36.6082876
          ],
          [
            127.3610014,
            36.6079855
          ],
          [
            127.3611213,
            36.6079246
          ],
          [
            127.3614066,
            36.6074697
          ]
        ]
      }
    },
    {
      "type": "Feature",
      "properties": {
        "osm_id": 421795021,
        "highway": "service"
      },
      "geometry": {
        "type": "LineString",
        "coordinates": [
          [
            127.3586636,
            36.6085907
          ],
          [
            127.3588668,
            36.6082748
          ],
          [
            127.3589015,
            36.6082145
          ],
          [
            127.3591772,
            36.6077802
          ],
          [
            127.3591911,
            36.6077356
          ],
          [
            127.3592109,
            36.6076723
          ],
          [
            127.3591666,
            36.6075359
          ],
          [
            127.3590746,
            36.6073825
          ],
          [
            127.3589578,
            36.6073029
          ],
          [
            127.358841,
            36.6072575
          ],
          [
            127.3587655,
            36.6072454
          ],
          [
            127.3586995,
            36.6072348
          ],
          [
            127.3585437,
            36.6072518
          ],
          [
            127.3583385,
            36.6072973
          ],
          [
            127.3581863,
            36.6073228
          ],
          [
            127.3580482,
            36.6072973
          ],
          [
            127.35785,
            36.6072234
          ],
          [
            127.3577303,
            36.6071854
          ],
          [
            127.3574568,
            36.6076341
          ],
          [
            127.3572235,
            36.6080046
          ]
        ]
      }
    },
    {
      "type": "Feature",
      "properties": {
        "osm_id": 421795023,
        "highway": "service",
        "name": "온새미로길"
      },
      "geometry": {
        "type": "LineString",
        "coordinates": [
          [
            127.3574568,
            36.6076341
          ],
          [
            127.3573996,
            36.6076104
          ],
          [
            127.3570525,
            36.6074667
          ],
          [
            127.3569961,
            36.6074434
          ],
          [
            127.3568852,
            36.6073939
          ],
          [
            127.3568409,
            36.6073652
          ],
          [
            127.3568051,
            36.6073296
          ],
          [
            127.3567163,
            36.6072054
          ],
          [
            127.3562275,
            36.6062301
          ],
          [
            127.3561785,
            36.6061281
          ],
          [
            127.3561634,
            36.6060464
          ],
          [
            127.3561823,
            36.6059599
          ],
          [
            127.3562243,
            36.6058808
          ],
          [
            127.356292,
            36.6058265
          ],
          [
            127.3563963,
            36.6057886
          ],
          [
            127.3568629,
            36.6056255
          ]
        ]
      }
    },
    {
      "type": "Feature",
      "properties": {
        "osm_id": 421798293,
        "highway": "service"
      },
      "geometry": {
        "type": "LineString",
        "coordinates": [
          [
            127.3591911,
            36.6077356
          ],
          [
            127.3597067,
            36.607939
          ],
          [
            127.3597666,
            36.6079635
          ],
          [
            127.3598143,
            36.6079617
          ],
          [
            127.3598669,
            36.6079439
          ],
          [
            127.3599222,
            36.6079291
          ],
          [
            127.3601959,
            36.6078258
          ],
          [
            127.360261,
            36.6077839
          ],
          [
            127.3602919,
            36.6077489
          ],
          [
            127.3606686,
            36.6071651
          ],
          [
            127.3608047,
            36.6069328
          ],
          [
            127.3608725,
            36.6068148
          ],
          [
            127.3609438,
            36.6067435
          ],
          [
            127.3610505,
            36.6066992
          ],
          [
            127.3611737,
            36.6066806
          ],
          [
            127.3612541,
            36.6066898
          ],
          [
            127.3613565,
            36.6067284
          ],
          [
            127.3620578,
            36.6070454
          ],
          [
            127.3621369,
            36.6070921
          ],
          [
            127.3621751,
            36.607172
          ],
          [
            127.3621638,
            36.6072417
          ],
          [
            127.3621169,
            36.6073303
          ],
          [
            127.3619037,
            36.6076594
          ],
          [
            127.3624216,
            36.6078596
          ],
          [
            127.3624832,
            36.6078942
          ],
          [
            127.3624832,
            36.6079486
          ],
          [
            127.3624586,
            36.6079981
          ],
          [
            127.3621581,
            36.6084591
          ]
        ]
      }
    },
    {
      "type": "Feature",
      "properties": {
        "osm_id": 421798294,
        "highway": "service"
      },
      "geometry": {
        "type": "LineString",
        "coordinates": [
          [
            127.3606686,
            36.6071651
          ],
          [
            127.3614066,
            36.6074697
          ],
          [
            127.3619037,
            36.6076594
          ]
        ]
      }
    },
    {
      "type": "Feature",
      "properties": {
        "osm_id": 421798295,
        "highway": "service"
      },
      "geometry": {
        "type": "LineString",
        "coordinates": [
          [
            127.3610014,
            36.6079855
          ],
          [
            127.3612201,
            36.6080744
          ],
          [
            127.3615452,
            36.6082077
          ],
          [
            127.3621581,
            36.6084591
          ]
        ]
      }
    },
    {
      "type": "Feature",
      "properties": {
        "osm_id": 421798296,
        "highway": "service"
      },
      "geometry": {
        "type": "LineString",
        "coordinates": [
          [
            127.3599222,
            36.6079291
          ],
          [
            127.3604165,
            36.6081356
          ],
          [
            127.3608074,
            36.6082876
          ]
        ]
      }
    },
    {
      "type": "Feature",
      "properties": {
        "osm_id": 422041838,
        "highway": "service",
        "name": "청람샛길"
      },
      "geometry": {
        "type": "LineString",
        "coordinates": [
          [
            127.3567398,
            36.6078134
          ],
          [
            127.3565262,
            36.60813
          ],
          [
            127.3564539,
            36.6082412
          ],
          [
            127.3564185,
            36.6083434
          ],
          [
            127.3564079,
            36.6084343
          ],
          [
            127.3564185,
            36.6085025
          ],
          [
            127.3564504,
            36.6085821
          ],
          [
            127.3564858,
            36.6086503
          ],
          [
            127.3565424,
            36.6087241
          ],
          [
            127.3566132,
            36.608798
          ],
          [
            127.3567017,
            36.6088605
          ],
          [
            127.3567352,
            36.6088754
          ],
          [
            127.3568043,
            36.608906
          ],
          [
            127.3573489,
            36.6091229
          ],
          [
            127.3577216,
            36.6092713
          ]
        ]
      }
    },
    {
      "type": "Feature",
      "properties": {
        "osm_id": 422041839,
        "highway": "service"
      },
      "geometry": {
        "type": "LineString",
        "coordinates": [
          [
            127.3621581,
            36.6084591
          ],
          [
            127.3622271,
            36.6085365
          ],
          [
            127.3622703,
            36.6086156
          ],
          [
            127.3622888,
            36.6087047
          ],
          [
            127.3622888,
            36.6088085
          ],
          [
            127.3622641,
            36.6089273
          ],
          [
            127.3622086,
            36.6090806
          ],
          [
            127.362184,
            36.6091548
          ],
          [
            127.3621902,
            36.609229
          ],
          [
            127.3622231,
            36.6092801
          ],
          [
            127.3622781,
            36.6093047
          ],
          [
            127.362556,
            36.6094134
          ],
          [
            127.3626668,
            36.6094593
          ],
          [
            127.3627665,
            36.6095365
          ],
          [
            127.3628054,
            36.6095853
          ],
          [
            127.3628347,
            36.6096471
          ],
          [
            127.3628547,
            36.6097356
          ],
          [
            127.3628539,
            36.6097904
          ],
          [
            127.3628433,
            36.6098426
          ],
          [
            127.3628258,
            36.6098939
          ],
          [
            127.3627979,
            36.609949
          ],
          [
            127.3629424,
            36.6100081
          ],
          [
            127.3625337,
            36.6106503
          ]
        ]
      }
    },
    {
      "type": "Feature",
      "properties": {
        "osm_id": 422041840,
        "highway": "service"
      },
      "geometry": {
        "type": "LineString",
        "coordinates": [
          [
            127.3606004,
            36.6086237
          ],
          [
            127.360751,
            36.6086854
          ],
          [
            127.3611169,
            36.6088316
          ],
          [
            127.3616721,
            36.6090731
          ],
          [
            127.3617147,
            36.6090915
          ]
        ]
      }
    },
    {
      "type": "Feature",
      "properties": {
        "osm_id": 422041844,
        "highway": "service"
      },
      "geometry": {
        "type": "LineString",
        "coordinates": [
          [
            127.3581712,
            36.6103013
          ],
          [
            127.3580297,
            36.6100229
          ],
          [
            127.3582102,
            36.6097644
          ],
          [
            127.3587198,
            36.6096195
          ],
          [
            127.3588649,
            36.6096791
          ],
          [
            127.3589758,
            36.6099362
          ],
          [
            127.3591162,
            36.6102616
          ]
        ]
      }
    },
    {
      "type": "Feature",
      "properties": {
        "osm_id": 422041849,
        "highway": "service"
      },
      "geometry": {
        "type": "LineString",
        "coordinates": [
          [
            127.3611737,
            36.6066806
          ],
          [
            127.3611292,
            36.6065163
          ],
          [
            127.360971,
            36.6058687
          ],
          [
            127.3607243,
            36.6058253
          ],
          [
            127.3605782,
            36.6057996
          ],
          [
            127.3603595,
            36.6057611
          ]
        ]
      }
    },
    {
      "type": "Feature",
      "properties": {
        "osm_id": 422127892,
        "highway": "service"
      },
      "geometry": {
        "type": "LineString",
        "coordinates": [
          [
            127.3615452,
            36.6082077
          ],
          [
            127.3619037,
            36.6076594
          ]
        ]
      }
    },
    {
      "type": "Feature",
      "properties": {
        "osm_id": 422127893,
        "highway": "service"
      },
      "geometry": {
        "type": "LineString",
        "coordinates": [
          [
            127.3611169,
            36.6088316
          ],
          [
            127.3609545,
            36.6091193
          ],
          [
            127.3615087,
            36.6093378
          ],
          [
            127.3614246,
            36.6094848
          ],
          [
            127.361332,
            36.6096371
          ],
          [
            127.3611265,
            36.6095509
          ],
          [
            127.361038,
            36.6093322
          ],
          [
            127.3609545,
            36.6091193
          ]
        ]
      }
    },
    {
      "type": "Feature",
      "properties": {
        "osm_id": 468653964,
        "highway": "service"
      },
      "geometry": {
        "type": "LineString",
        "coordinates": [
          [
            127.3576767,
            36.6081816
          ],
          [
            127.3574696,
            36.6085014
          ]
        ]
      }
    },
    {
      "type": "Feature",
      "properties": {
        "osm_id": 468662730,
        "highway": "service"
      },
      "geometry": {
        "type": "LineString",
        "coordinates": [
          [
            127.360971,
            36.6058687
          ],
          [
            127.3613027,
            36.6058476
          ],
          [
            127.3614229,
            36.605642
          ],
          [
            127.3615065,
            36.6055371
          ],
          [
            127.3616111,
            36.6054489
          ]
        ]
      }
    },
    {
      "type": "Feature",
      "properties": {
        "osm_id": 468672301,
        "highway": "footway"
      },
      "geometry": {
        "type": "LineString",
        "coordinates": [
          [
            127.361664,
            36.610284
          ],
          [
            127.3622781,
            36.6093047
          ]
        ]
      }
    },
    {
      "type": "Feature",
      "properties": {
        "osm_id": 468672304,
        "highway": "service"
      },
      "geometry": {
        "type": "LineString",
        "coordinates": [
          [
            127.3595223,
            36.6089362
          ],
          [
            127.3597264,
            36.6086269
          ]
        ]
      }
    },
    {
      "type": "Feature",
      "properties": {
        "osm_id": 468672309,
        "highway": "pedestrian",
        "name": "전나무숲길"
      },
      "geometry": {
        "type": "LineString",
        "coordinates": [
          [
            127.3574189,
            36.606769
          ],
          [
            127.3574408,
            36.6066376
          ],
          [
            127.357469,
            36.6065243
          ],
          [
            127.3575208,
            36.6063467
          ],
          [
            127.3575726,
            36.6062145
          ],
          [
            127.3576243,
            36.60612
          ],
          [
            127.3576761,
            36.6060709
          ],
          [
            127.357789,
            36.6060445
          ],
          [
            127.3580055,
            36.606018
          ],
          [
            127.3582032,
            36.6060029
          ],
          [
            127.3583114,
            36.6060067
          ],
          [
            127.3584479,
            36.6060596
          ],
          [
            127.3585232,
            36.6060747
          ],
          [
            127.3586409,
            36.6060596
          ],
          [
            127.358782,
            36.6060294
          ],
          [
            127.3588856,
            36.6060294
          ],
          [
            127.3589797,
            36.6060369
          ],
          [
            127.3591303,
            36.6060898
          ],
          [
            127.3593327,
            36.6061578
          ],
          [
            127.359488,
            36.6062107
          ],
          [
            127.3596527,
            36.6062976
          ],
          [
            127.3597609,
            36.6063581
          ],
          [
            127.3598504,
            36.6064072
          ],
          [
            127.3598884,
            36.6064159
          ],
          [
            127.3599492,
            36.6064298
          ],
          [
            127.359998,
            36.6064336
          ],
          [
            127.3600951,
            36.6064412
          ],
          [
            127.3602221,
            36.6064676
          ],
          [
            127.3603304,
            36.6064941
          ],
          [
            127.3603856,
            36.6065194
          ],
          [
            127.3604292,
            36.6065394
          ],
          [
            127.3605422,
            36.6065923
          ],
          [
            127.3606457,
            36.6066338
          ],
          [
            127.3607304,
            36.6066565
          ],
          [
            127.3608057,
            36.6066641
          ],
          [
            127.3608763,
            36.6066527
          ],
          [
            127.3609187,
            36.6066263
          ],
          [
            127.3609892,
            36.6065696
          ],
          [
            127.3610363,
            36.6065356
          ],
          [
            127.3610706,
            36.606527
          ],
          [
            127.3611292,
            36.6065163
          ]
        ]
      }
    },
    {
      "type": "Feature",
      "properties": {
        "osm_id": 468672310,
        "highway": "pedestrian"
      },
      "geometry": {
        "type": "LineString",
        "coordinates": [
          [
            127.3589797,
            36.6060369
          ],
          [
            127.3588432,
            36.6059689
          ],
          [
            127.3587303,
            36.6059047
          ],
          [
            127.3586738,
            36.6058518
          ],
          [
            127.3586267,
            36.6057536
          ],
          [
            127.3586079,
            36.6056554
          ],
          [
            127.3586032,
            36.6055685
          ],
          [
            127.3586079,
            36.6054174
          ],
          [
            127.3586079,
            36.6053191
          ],
          [
            127.3586267,
            36.605202
          ],
          [
            127.3586832,
            36.6051038
          ],
          [
            127.3587773,
            36.6050169
          ],
          [
            127.3588479,
            36.6049942
          ],
          [
            127.3590079,
            36.604964
          ],
          [
            127.3591821,
            36.6049602
          ],
          [
            127.3594413,
            36.6050481
          ],
          [
            127.3597055,
            36.605138
          ],
          [
            127.3599663,
            36.6052332
          ]
        ]
      }
    },
    {
      "type": "Feature",
      "properties": {
        "osm_id": 468672312,
        "highway": "service"
      },
      "geometry": {
        "type": "LineString",
        "coordinates": [
          [
            127.3603856,
            36.6065194
          ],
          [
            127.360315,
            36.606526
          ],
          [
            127.3602555,
            36.6065386
          ],
          [
            127.3602047,
            36.6065653
          ],
          [
            127.3601662,
            36.6065962
          ],
          [
            127.3601417,
            36.6066285
          ],
          [
            127.3601304,
            36.6066608
          ]
        ]
      }
    },
    {
      "type": "Feature",
      "properties": {
        "osm_id": 468672315,
        "highway": "pedestrian"
      },
      "geometry": {
        "type": "LineString",
        "coordinates": [
          [
            127.3591821,
            36.6049602
          ],
          [
            127.35911,
            36.6049253
          ],
          [
            127.3590716,
            36.6048923
          ],
          [
            127.3590633,
            36.6048438
          ],
          [
            127.3590688,
            36.6047755
          ],
          [
            127.3591402,
            36.6045727
          ]
        ]
      }
    },
    {
      "type": "Feature",
      "properties": {
        "osm_id": 468672317,
        "highway": "footway"
      },
      "geometry": {
        "type": "LineString",
        "coordinates": [
          [
            127.3564539,
            36.6082412
          ],
          [
            127.356383,
            36.6082853
          ],
          [
            127.3562931,
            36.6083387
          ],
          [
            127.3562143,
            36.6083739
          ],
          [
            127.3561258,
            36.6084035
          ],
          [
            127.3560501,
            36.608421
          ]
        ]
      }
    },
    {
      "type": "Feature",
      "properties": {
        "osm_id": 468676931,
        "highway": "service"
      },
      "geometry": {
        "type": "LineString",
        "coordinates": [
          [
            127.3608074,
            36.6082876
          ],
          [
            127.3609843,
            36.6083559
          ]
        ]
      }
    },
    {
      "type": "Feature",
      "properties": {
        "osm_id": 468677357,
        "highway": "service"
      },
      "geometry": {
        "type": "LineString",
        "coordinates": [
          [
            127.3609843,
            36.6083559
          ],
          [
            127.361043,
            36.6085245
          ],
          [
            127.3612384,
            36.6084862
          ],
          [
            127.3617493,
            36.6086858
          ],
          [
            127.3618145,
            36.6088375
          ],
          [
            127.3616721,
            36.6090731
          ]
        ]
      }
    },
    {
      "type": "Feature",
      "properties": {
        "osm_id": 468678061,
        "highway": "footway"
      },
      "geometry": {
        "type": "LineString",
        "coordinates": [
          [
            127.3607302,
            36.6102124
          ],
          [
            127.3602218,
            36.6103337
          ],
          [
            127.359953,
            36.6102354
          ],
          [
            127.3596529,
            36.6101258
          ],
          [
            127.359519,
            36.6097804
          ]
        ]
      }
    },
    {
      "type": "Feature",
      "properties": {
        "osm_id": 468678842,
        "highway": "footway"
      },
      "geometry": {
        "type": "LineString",
        "coordinates": [
          [
            127.3600693,
            36.6100092
          ],
          [
            127.3603828,
            36.6101247
          ],
          [
            127.3609099,
            36.6099646
          ]
        ]
      }
    },
    {
      "type": "Feature",
      "properties": {
        "osm_id": 468678843,
        "highway": "footway"
      },
      "geometry": {
        "type": "LineString",
        "coordinates": [
          [
            127.3600693,
            36.6100092
          ],
          [
            127.3597682,
            36.6098891
          ],
          [
            127.3597079,
            36.6097294
          ],
          [
            127.3593318,
            36.6088596
          ]
        ]
      }
    },
    {
      "type": "Feature",
      "properties": {
        "osm_id": 468678844,
        "highway": "path"
      },
      "geometry": {
        "type": "LineString",
        "coordinates": [
          [
            127.3597079,
            36.6097294
          ],
          [
            127.3600202,
            36.6096495
          ],
          [
            127.3600452,
            36.6096387
          ],
          [
            127.3601268,
            36.6095366
          ],
          [
            127.3603644,
            36.6094737
          ]
        ]
      }
    },
    {
      "type": "Feature",
      "properties": {
        "osm_id": 468678845,
        "highway": "path"
      },
      "geometry": {
        "type": "LineString",
        "coordinates": [
          [
            127.3600202,
            36.6096495
          ],
          [
            127.3600591,
            36.6097501
          ],
          [
            127.3601975,
            36.6097977
          ]
        ]
      }
    },
    {
      "type": "Feature",
      "properties": {
        "osm_id": 468678846,
        "highway": "path"
      },
      "geometry": {
        "type": "LineString",
        "coordinates": [
          [
            127.3600693,
            36.6100092
          ],
          [
            127.3601975,
            36.6097977
          ],
          [
            127.360302,
            36.6096431
          ],
          [
            127.3604207,
            36.6096105
          ]
        ]
      }
    },
    {
      "type": "Feature",
      "properties": {
        "osm_id": 468679826,
        "highway": "steps"
      },
      "geometry": {
        "type": "LineString",
        "coordinates": [
          [
            127.3588668,
            36.6082748
          ],
          [
            127.3590499,
            36.6083511
          ]
        ]
      }
    },
    {
      "type": "Feature",
      "properties": {
        "osm_id": 468680269,
        "highway": "footway"
      },
      "geometry": {
        "type": "LineString",
        "coordinates": [
          [
            127.359519,
            36.6097804
          ],
          [
            127.3597079,
            36.6097294
          ]
        ]
      }
    },
    {
      "type": "Feature",
      "properties": {
        "osm_id": 468686563,
        "highway": "footway"
      },
      "geometry": {
        "type": "LineString",
        "coordinates": [
          [
            127.3597264,
            36.6086269
          ],
          [
            127.3597962,
            36.6086109
          ],
          [
            127.3601202,
            36.6085365
          ],
          [
            127.3602791,
            36.6082763
          ],
          [
            127.360321,
            36.6082931
          ],
          [
            127.3603976,
            36.6081672
          ]
        ]
      }
    },
    {
      "type": "Feature",
      "properties": {
        "osm_id": 468686565,
        "highway": "steps"
      },
      "geometry": {
        "type": "LineString",
        "coordinates": [
          [
            127.3603976,
            36.6081672
          ],
          [
            127.3604165,
            36.6081356
          ]
        ]
      }
    },
    {
      "type": "Feature",
      "properties": {
        "osm_id": 468686567,
        "highway": "service"
      },
      "geometry": {
        "type": "LineString",
        "coordinates": [
          [
            127.3608074,
            36.6082876
          ],
          [
            127.3611382,
            36.6082043
          ],
          [
            127.3612201,
            36.6080744
          ]
        ]
      }
    },
    {
      "type": "Feature",
      "properties": {
        "osm_id": 468686569,
        "highway": "footway"
      },
      "geometry": {
        "type": "LineString",
        "coordinates": [
          [
            127.3604406,
            36.6088706
          ],
          [
            127.3602292,
            36.608785
          ],
          [
            127.3603771,
            36.6085526
          ],
          [
            127.3605878,
            36.6086391
          ]
        ]
      }
    },
    {
      "type": "Feature",
      "properties": {
        "osm_id": 468686571,
        "highway": "footway"
      },
      "geometry": {
        "type": "LineString",
        "coordinates": [
          [
            127.3602292,
            36.608785
          ],
          [
            127.3597962,
            36.6086109
          ]
        ]
      }
    },
    {
      "type": "Feature",
      "properties": {
        "osm_id": 468686573,
        "highway": "steps"
      },
      "geometry": {
        "type": "LineString",
        "coordinates": [
          [
            127.3604048,
            36.6089268
          ],
          [
            127.3605643,
            36.608991
          ]
        ]
      }
    },
    {
      "type": "Feature",
      "properties": {
        "osm_id": 468686575,
        "highway": "footway"
      },
      "geometry": {
        "type": "LineString",
        "coordinates": [
          [
            127.360751,
            36.6086854
          ],
          [
            127.3605643,
            36.608991
          ],
          [
            127.3604755,
            36.609146
          ],
          [
            127.360627,
            36.6094736
          ],
          [
            127.3607091,
            36.6096538
          ],
          [
            127.360852,
            36.60971
          ],
          [
            127.3608822,
            36.6097476
          ],
          [
            127.3611866,
            36.6098727
          ],
          [
            127.361332,
            36.6096371
          ]
        ]
      }
    },
    {
      "type": "Feature",
      "properties": {
        "osm_id": 468686577,
        "highway": "footway"
      },
      "geometry": {
        "type": "LineString",
        "coordinates": [
          [
            127.3607858,
            36.6099115
          ],
          [
            127.3608822,
            36.6097476
          ]
        ]
      }
    },
    {
      "type": "Feature",
      "properties": {
        "osm_id": 468686580,
        "crossing": "marked",
        "crossing:markings": "zebra",
        "footway": "crossing",
        "highway": "footway"
      },
      "geometry": {
        "type": "LineString",
        "coordinates": [
          [
            127.3570845,
            36.6080721
          ],
          [
            127.3571588,
            36.607978
          ],
          [
            127.3573996,
            36.6076104
          ]
        ]
      }
    },
    {
      "type": "Feature",
      "properties": {
        "osm_id": 468686582,
        "crossing": "marked",
        "crossing:markings": "zebra",
        "footway": "crossing",
        "highway": "footway"
      },
      "geometry": {
        "type": "LineString",
        "coordinates": [
          [
            127.360074,
            36.6092461
          ],
          [
            127.3601152,
            36.6091747
          ],
          [
            127.3601632,
            36.6090999
          ]
        ]
      }
    },
    {
      "type": "Feature",
      "properties": {
        "osm_id": 468708585,
        "highway": "service"
      },
      "geometry": {
        "type": "LineString",
        "coordinates": [
          [
            127.3588649,
            36.6096791
          ],
          [
            127.3592883,
            36.6098445
          ],
          [
            127.3589758,
            36.6099362
          ]
        ]
      }
    },
    {
      "type": "Feature",
      "properties": {
        "osm_id": 468708586,
        "crossing": "marked",
        "crossing:markings": "zebra",
        "footway": "crossing",
        "highway": "footway"
      },
      "geometry": {
        "type": "LineString",
        "coordinates": [
          [
            127.3602899,
            36.6095672
          ],
          [
            127.3603916,
            36.6095398
          ],
          [
            127.3605059,
            36.6095077
          ]
        ]
      }
    },
    {
      "type": "Feature",
      "properties": {
        "osm_id": 468708587,
        "highway": "footway"
      },
      "geometry": {
        "type": "LineString",
        "coordinates": [
          [
            127.3605059,
            36.6095077
          ],
          [
            127.360627,
            36.6094736
          ]
        ]
      }
    },
    {
      "type": "Feature",
      "properties": {
        "osm_id": 468708603,
        "highway": "pedestrian"
      },
      "geometry": {
        "type": "LineString",
        "coordinates": [
          [
            127.3593919,
            36.6054125
          ],
          [
            127.3595486,
            36.6054032
          ],
          [
            127.3596936,
            36.605366
          ],
          [
            127.3597807,
            36.605331
          ],
          [
            127.3598619,
            36.6052914
          ],
          [
            127.3599286,
            36.6052519
          ],
          [
            127.3599663,
            36.6052332
          ],
          [
            127.3600505,
            36.6052519
          ],
          [
            127.3601314,
            36.6052673
          ]
        ]
      }
    },
    {
      "type": "Feature",
      "properties": {
        "osm_id": 468708607,
        "highway": "service"
      },
      "geometry": {
        "type": "LineString",
        "coordinates": [
          [
            127.3599302,
            36.6062862
          ],
          [
            127.3599435,
            36.6063331
          ],
          [
            127.3599648,
            36.6063821
          ],
          [
            127.359998,
            36.6064336
          ]
        ]
      }
    },
    {
      "type": "Feature",
      "properties": {
        "osm_id": 468709734,
        "highway": "steps"
      },
      "geometry": {
        "type": "LineString",
        "coordinates": [
          [
            127.3570525,
            36.6074667
          ],
          [
            127.3571219,
            36.6073385
          ]
        ]
      }
    },
    {
      "type": "Feature",
      "properties": {
        "osm_id": 468709735,
        "highway": "service",
        "service": "parking_aisle"
      },
      "geometry": {
        "type": "LineString",
        "coordinates": [
          [
            127.3577303,
            36.6071854
          ],
          [
            127.3577726,
            36.6071091
          ],
          [
            127.3577985,
            36.6070611
          ],
          [
            127.3578146,
            36.6070299
          ],
          [
            127.3578195,
            36.6070053
          ],
          [
            127.3578179,
            36.6069795
          ],
          [
            127.3578113,
            36.6069626
          ],
          [
            127.3577968,
            36.6069471
          ],
          [
            127.3577774,
            36.6069367
          ],
          [
            127.3577516,
            36.6069289
          ],
          [
            127.3577162,
            36.6069289
          ],
          [
            127.3576823,
            36.6069367
          ]
        ]
      }
    },
    {
      "type": "Feature",
      "properties": {
        "osm_id": 468738240,
        "highway": "steps"
      },
      "geometry": {
        "type": "LineString",
        "coordinates": [
          [
            127.3605782,
            36.6057996
          ],
          [
            127.3606161,
            36.6056724
          ]
        ]
      }
    },
    {
      "type": "Feature",
      "properties": {
        "osm_id": 468738242,
        "highway": "steps"
      },
      "geometry": {
        "type": "LineString",
        "coordinates": [
          [
            127.3607243,
            36.6058253
          ],
          [
            127.3607647,
            36.6057005
          ]
        ]
      }
    },
    {
      "type": "Feature",
      "properties": {
        "osm_id": 468946476,
        "highway": "footway"
      },
      "geometry": {
        "type": "LineString",
        "coordinates": [
          [
            127.3590499,
            36.6083511
          ],
          [
            127.3597264,
            36.6086269
          ]
        ]
      }
    },
    {
      "type": "Feature",
      "properties": {
        "osm_id": 468946478,
        "highway": "footway"
      },
      "geometry": {
        "type": "LineString",
        "coordinates": [
          [
            127.3592883,
            36.6098445
          ],
          [
            127.359519,
            36.6097804
          ]
        ]
      }
    },
    {
      "type": "Feature",
      "properties": {
        "osm_id": 468963202,
        "highway": "pedestrian"
      },
      "geometry": {
        "type": "LineString",
        "coordinates": [
          [
            127.3587655,
            36.6072454
          ],
          [
            127.3588126,
            36.6071281
          ],
          [
            127.3588551,
            36.6070319
          ],
          [
            127.3588899,
            36.6069574
          ],
          [
            127.3589401,
            36.6068829
          ],
          [
            127.359002,
            36.6068395
          ],
          [
            127.3590832,
            36.606824
          ],
          [
            127.3591644,
            36.6068364
          ],
          [
            127.3592533,
            36.6068643
          ],
          [
            127.3593615,
            36.6069016
          ],
          [
            127.3594582,
            36.6069264
          ],
          [
            127.3595587,
            36.6069357
          ],
          [
            127.3596553,
            36.6069171
          ],
          [
            127.3597288,
            36.606886
          ],
          [
            127.3597752,
            36.6068395
          ],
          [
            127.3598254,
            36.6067526
          ],
          [
            127.3598486,
            36.6066874
          ],
          [
            127.3598718,
            36.6066036
          ],
          [
            127.3598796,
            36.6065354
          ],
          [
            127.3598873,
            36.6064609
          ],
          [
            127.3598884,
            36.6064159
          ]
        ]
      }
    },
    {
      "type": "Feature",
      "properties": {
        "osm_id": 469030023,
        "highway": "footway"
      },
      "geometry": {
        "type": "LineString",
        "coordinates": [
          [
            127.3611866,
            36.6098727
          ],
          [
            127.3610847,
            36.6100386
          ]
        ]
      }
    },
    {
      "type": "Feature",
      "properties": {
        "osm_id": 469944163,
        "highway": "service"
      },
      "geometry": {
        "type": "LineString",
        "coordinates": [
          [
            127.3565262,
            36.60813
          ],
          [
            127.3574696,
            36.6085014
          ],
          [
            127.3576689,
            36.6085789
          ],
          [
            127.3577153,
            36.6085986
          ],
          [
            127.3577533,
            36.6086208
          ],
          [
            127.3577741,
            36.6086458
          ],
          [
            127.3577844,
            36.6086846
          ],
          [
            127.3577775,
            36.6087262
          ],
          [
            127.3576359,
            36.6089509
          ],
          [
            127.3576117,
            36.6089814
          ],
          [
            127.3575802,
            36.6090011
          ],
          [
            127.3575426,
            36.6090091
          ],
          [
            127.3575116,
            36.6090099
          ],
          [
            127.3574762,
            36.6090044
          ],
          [
            127.3574345,
            36.6089883
          ],
          [
            127.3568691,
            36.6087695
          ],
          [
            127.3568361,
            36.6087652
          ],
          [
            127.3568098,
            36.6087724
          ],
          [
            127.3567897,
            36.6087898
          ],
          [
            127.3567352,
            36.6088754
          ]
        ]
      }
    },
    {
      "type": "Feature",
      "properties": {
        "osm_id": 469944165,
        "highway": "service"
      },
      "geometry": {
        "type": "LineString",
        "coordinates": [
          [
            127.3573489,
            36.6091229
          ],
          [
            127.3574345,
            36.6089883
          ]
        ]
      }
    },
    {
      "type": "Feature",
      "properties": {
        "osm_id": 470919137,
        "highway": "service"
      },
      "geometry": {
        "type": "LineString",
        "coordinates": [
          [
            127.3596365,
            36.608167
          ],
          [
            127.3597666,
            36.6079635
          ]
        ]
      }
    },
    {
      "type": "Feature",
      "properties": {
        "osm_id": 470919138,
        "highway": "service"
      },
      "geometry": {
        "type": "LineString",
        "coordinates": [
          [
            127.3611213,
            36.6079246
          ],
          [
            127.3607751,
            36.6077862
          ]
        ]
      }
    },
    {
      "type": "Feature",
      "properties": {
        "osm_id": 473362477,
        "highway": "residential",
        "name": "다락탑연길",
        "name:en": "Daraktabyeon-gil",
        "name:ko": "다락탑연길"
      },
      "geometry": {
        "type": "LineString",
        "coordinates": [
          [
            127.3603438,
            36.615333
          ],
          [
            127.3603784,
            36.6146917
          ],
          [
            127.3605098,
            36.6139576
          ],
          [
            127.3605849,
            36.6137207
          ],
          [
            127.3609041,
            36.6132514
          ],
          [
            127.3609899,
            36.6131459
          ],
          [
            127.3610436,
            36.6130447
          ],
          [
            127.3610892,
            36.6128574
          ],
          [
            127.3615451,
            36.6124591
          ],
          [
            127.3616825,
            36.612368
          ],
          [
            127.3617316,
            36.6123355
          ],
          [
            127.3617919,
            36.6122955
          ],
          [
            127.3623123,
            36.6118175
          ],
          [
            127.3625832,
            36.6115742
          ],
          [
            127.362669,
            36.6114666
          ],
          [
            127.3627387,
            36.611346
          ],
          [
            127.3627611,
            36.6112102
          ],
          [
            127.3627682,
            36.6111673
          ],
          [
            127.3628111,
            36.6110403
          ],
          [
            127.3628514,
            36.6106678
          ],
          [
            127.3629104,
            36.6103083
          ],
          [
            127.3630525,
            36.6099896
          ],
          [
            127.3632242,
            36.6096193
          ],
          [
            127.3633208,
            36.6094363
          ],
          [
            127.3634737,
            36.6092985
          ],
          [
            127.3636104,
            36.6091757
          ],
          [
            127.3637043,
            36.6090466
          ],
          [
            127.3637714,
            36.6089195
          ],
          [
            127.3637258,
            36.6088248
          ],
          [
            127.3636587,
            36.6087279
          ],
          [
            127.3636346,
            36.6085169
          ],
          [
            127.3637311,
            36.6081272
          ],
          [
            127.3636802,
            36.6077698
          ],
          [
            127.3637148,
            36.6076322
          ],
          [
            127.3637419,
            36.6075243
          ],
          [
            127.3639324,
            36.606986
          ],
          [
            127.3640585,
            36.6067987
          ],
          [
            127.3641389,
            36.6066953
          ]
        ]
      }
    },
    {
      "type": "Feature",
      "properties": {
        "osm_id": 473362478,
        "highway": "service",
        "name": "월탄1길",
        "name:en": "Woltan 1-gil",
        "name:ko": "월탄1길"
      },
      "geometry": {
        "type": "LineString",
        "coordinates": [
          [
            127.3519158,
            36.6095596
          ],
          [
            127.3520983,
            36.6095734
          ],
          [
            127.3524056,
            36.60961
          ],
          [
            127.3525618,
            36.6096296
          ],
          [
            127.3526579,
            36.6096559
          ],
          [
            127.3527887,
            36.6097002
          ],
          [
            127.3528317,
            36.6097396
          ],
          [
            127.353165,
            36.6101532
          ],
          [
            127.3531859,
            36.610169
          ],
          [
            127.3534288,
            36.6103518
          ],
          [
            127.3535985,
            36.6104864
          ],
          [
            127.353666,
            36.6106013
          ],
          [
            127.3538316,
            36.6107819
          ],
          [
            127.3539072,
            36.6108984
          ],
          [
            127.3539522,
            36.6109756
          ],
          [
            127.354124,
            36.6110215
          ],
          [
            127.3542773,
            36.611166
          ],
          [
            127.3544143,
            36.6111857
          ],
          [
            127.3546618,
            36.6112103
          ],
          [
            127.3548949,
            36.6112464
          ],
          [
            127.3549828,
            36.6112759
          ]
        ]
      }
    },
    {
      "type": "Feature",
      "properties": {
        "osm_id": 473362481,
        "highway": "service",
        "name": "월탄1길",
        "name:en": "Woltan 1-gil",
        "name:ko": "월탄1길"
      },
      "geometry": {
        "type": "LineString",
        "coordinates": [
          [
            127.3525082,
            36.6106324
          ],
          [
            127.3526493,
            36.6105682
          ],
          [
            127.3531859,
            36.610169
          ],
          [
            127.3534379,
            36.6099467
          ],
          [
            127.3534991,
            36.6098542
          ],
          [
            127.353744,
            36.6094841
          ],
          [
            127.3538125,
            36.609461
          ],
          [
            127.354133,
            36.6093598
          ],
          [
            127.3544427,
            36.6093078
          ],
          [
            127.35472,
            36.6092095
          ],
          [
            127.3548208,
            36.6091257
          ],
          [
            127.354864,
            36.6090505
          ],
          [
            127.3549036,
            36.6089985
          ],
          [
            127.3550441,
            36.608984
          ],
          [
            127.3552349,
            36.6089811
          ],
          [
            127.3553358,
            36.6089985
          ]
        ]
      }
    },
    {
      "type": "Feature",
      "properties": {
        "osm_id": 473362482,
        "highway": "service",
        "name": "월탄3길",
        "name:en": "Woltan 3-gil",
        "name:ko": "월탄3길"
      },
      "geometry": {
        "type": "LineString",
        "coordinates": [
          [
            127.3558655,
            36.61124
          ],
          [
            127.355797,
            36.6111039
          ],
          [
            127.355779,
            36.611026
          ],
          [
            127.355779,
            36.6108271
          ],
          [
            127.3557,
            36.6106052
          ],
          [
            127.3556319,
            36.6104077
          ],
          [
            127.3556066,
            36.6103342
          ],
          [
            127.3555743,
            36.6101151
          ],
          [
            127.3554989,
            36.6098989
          ],
          [
            127.3554961,
            36.6098162
          ],
          [
            127.3554809,
            36.6093743
          ],
          [
            127.3554555,
            36.6092871
          ],
          [
            127.3554271,
            36.6091898
          ],
          [
            127.3553358,
            36.6089985
          ],
          [
            127.3552475,
            36.608717
          ],
          [
            127.3552547,
            36.6084748
          ],
          [
            127.3552152,
            36.6082471
          ],
          [
            127.3551504,
            36.608039
          ],
          [
            127.3551398,
            36.6080049
          ],
          [
            127.3550249,
            36.607806
          ],
          [
            127.3550138,
            36.6077818
          ],
          [
            127.3549135,
            36.607561
          ],
          [
            127.3547909,
            36.6074379
          ],
          [
            127.3547555,
            36.6074024
          ],
          [
            127.3546765,
            36.6072987
          ],
          [
            127.3545472,
            36.6071661
          ],
          [
            127.3541594,
            36.6070075
          ],
          [
            127.3540121,
            36.6069095
          ],
          [
            127.353908,
            36.6068634
          ],
          [
            127.3536853,
            36.6069787
          ],
          [
            127.3534321,
            36.6070699
          ]
        ]
      }
    },
    {
      "type": "Feature",
      "properties": {
        "osm_id": 473362483,
        "highway": "service",
        "name": "월탄3길",
        "name:en": "Woltan 3-gil",
        "name:ko": "월탄3길"
      },
      "geometry": {
        "type": "LineString",
        "coordinates": [
          [
            127.3554555,
            36.6092871
          ],
          [
            127.3555664,
            36.6093678
          ],
          [
            127.3556244,
            36.6094376
          ],
          [
            127.3556588,
            36.6095647
          ],
          [
            127.3565583,
            36.6095647
          ]
        ]
      }
    },
    {
      "type": "Feature",
      "properties": {
        "osm_id": 473362485,
        "highway": "residential",
        "name": "월탄3길",
        "name:en": "Woltan 3-gil",
        "name:ko": "월탄3길"
      },
      "geometry": {
        "type": "LineString",
        "coordinates": [
          [
            127.3547711,
            36.608427
          ],
          [
            127.3547818,
            36.6080359
          ],
          [
            127.354797,
            36.6074813
          ],
          [
            127.3547909,
            36.6074379
          ]
        ]
      }
    },
    {
      "type": "Feature",
      "properties": {
        "osm_id": 473362486,
        "highway": "residential",
        "name": "월탄3길",
        "name:en": "Woltan 3-gil",
        "name:ko": "월탄3길"
      },
      "geometry": {
        "type": "LineString",
        "coordinates": [
          [
            127.3550138,
            36.6077818
          ],
          [
            127.3551711,
            36.6077967
          ],
          [
            127.3553647,
            36.607855
          ],
          [
            127.3554269,
            36.6079882
          ],
          [
            127.3555859,
            36.6080936
          ],
          [
            127.3558279,
            36.6081186
          ]
        ]
      }
    },
    {
      "type": "Feature",
      "properties": {
        "osm_id": 483439719,
        "highway": "residential",
        "name": "황탄리길",
        "name:en": "Hwangtalli-gil",
        "name:ko": "황탄리길"
      },
      "geometry": {
        "type": "LineString",
        "coordinates": [
          [
            127.3538788,
            36.6065043
          ],
          [
            127.3538702,
            36.6061955
          ],
          [
            127.3538295,
            36.6059018
          ],
          [
            127.353736,
            36.6056603
          ],
          [
            127.3536053,
            36.6055083
          ],
          [
            127.3534555,
            36.605334
          ],
          [
            127.3531059,
            36.6047041
          ],
          [
            127.3529798,
            36.6044789
          ],
          [
            127.3528335,
            36.6042929
          ],
          [
            127.3527522,
            36.6039959
          ],
          [
            127.3526505,
            36.6036956
          ],
          [
            127.3526505,
            36.6035259
          ],
          [
            127.3527319,
            36.6032126
          ],
          [
            127.3526912,
            36.6030494
          ],
          [
            127.3524676,
            36.6029058
          ],
          [
            127.3523327,
            36.6028657
          ],
          [
            127.3521383,
            36.6028079
          ],
          [
            127.3519147,
            36.6026578
          ],
          [
            127.3518253,
            36.6025272
          ],
          [
            127.3517765,
            36.60224
          ],
          [
            127.3517619,
            36.6021656
          ],
          [
            127.3517317,
            36.6020115
          ],
          [
            127.3516423,
            36.6017929
          ],
          [
            127.3515813,
            36.6015709
          ],
          [
            127.3516057,
            36.6014339
          ],
          [
            127.3517074,
            36.6013229
          ],
          [
            127.3520651,
            36.6011499
          ],
          [
            127.3522481,
            36.6010487
          ],
          [
            127.3523578,
            36.6009116
          ],
          [
            127.3524635,
            36.6006962
          ],
          [
            127.3525692,
            36.6003666
          ],
          [
            127.352618,
            36.6000304
          ],
          [
            127.352618,
            36.5997008
          ],
          [
            127.3526383,
            36.5993352
          ],
          [
            127.3526424,
            36.5990611
          ],
          [
            127.3526709,
            36.5987216
          ],
          [
            127.3527034,
            36.5984801
          ],
          [
            127.3527725,
            36.5981896
          ],
          [
            127.3526993,
            36.597922
          ]
        ]
      }
    },
    {
      "type": "Feature",
      "properties": {
        "osm_id": 483439720,
        "highway": "residential",
        "tunnel": "yes"
      },
      "geometry": {
        "type": "LineString",
        "coordinates": [
          [
            127.3526993,
            36.597922
          ],
          [
            127.3524,
            36.5975547
          ]
        ]
      }
    },
    {
      "type": "Feature",
      "properties": {
        "osm_id": 483439721,
        "highway": "residential",
        "tunnel": "yes"
      },
      "geometry": {
        "type": "LineString",
        "coordinates": [
          [
            127.3509464,
            36.5966479
          ],
          [
            127.3505951,
            36.5963041
          ]
        ]
      }
    },
    {
      "type": "Feature",
      "properties": {
        "osm_id": 483439722,
        "bridge": "yes",
        "highway": "residential"
      },
      "geometry": {
        "type": "LineString",
        "coordinates": [
          [
            127.3505951,
            36.5963041
          ],
          [
            127.3500547,
            36.595747
          ]
        ]
      }
    },
    {
      "type": "Feature",
      "properties": {
        "osm_id": 483439723,
        "highway": "residential",
        "name": "황탄리길",
        "name:en": "Hwangtalli-gil",
        "name:ko": "황탄리길"
      },
      "geometry": {
        "type": "LineString",
        "coordinates": [
          [
            127.3509464,
            36.5966479
          ],
          [
            127.3511434,
            36.5968303
          ],
          [
            127.3513548,
            36.5969674
          ],
          [
            127.3516028,
            36.5971274
          ],
          [
            127.3519524,
            36.5973232
          ],
          [
            127.3524,
            36.5975547
          ]
        ]
      }
    },
    {
      "type": "Feature",
      "properties": {
        "osm_id": 483439724,
        "highway": "residential",
        "name": "황탄리길",
        "name:en": "Hwangtalli-gil",
        "name:ko": "황탄리길"
      },
      "geometry": {
        "type": "LineString",
        "coordinates": [
          [
            127.3500547,
            36.595747
          ],
          [
            127.3499334,
            36.595575
          ],
          [
            127.3497686,
            36.5952497
          ],
          [
            127.3495386,
            36.5947205
          ],
          [
            127.3493807,
            36.5944531
          ],
          [
            127.3491919,
            36.5944255
          ],
          [
            127.3491507,
            36.5942739
          ],
          [
            127.3488966,
            36.593979
          ],
          [
            127.3487043,
            36.5937667
          ],
          [
            127.3486082,
            36.5935186
          ],
          [
            127.3484606,
            36.5930748
          ],
          [
            127.3484194,
            36.5929238
          ],
          [
            127.3484125,
            36.5928984
          ],
          [
            127.3483988,
            36.5926173
          ],
          [
            127.3483644,
            36.5924574
          ],
          [
            127.3481825,
            36.5921569
          ],
          [
            127.347973,
            36.5917517
          ],
          [
            127.34787,
            36.591465
          ],
          [
            127.3478391,
            36.5912279
          ],
          [
            127.3478529,
            36.5907951
          ],
          [
            127.3478872,
            36.5904478
          ],
          [
            127.3478906,
            36.5902466
          ],
          [
            127.3478082,
            36.589993
          ],
          [
            127.3475851,
            36.589698
          ],
          [
            127.3473997,
            36.5894361
          ],
          [
            127.3472795,
            36.5891494
          ],
          [
            127.34718,
            36.5886863
          ],
          [
            127.3471353,
            36.5883527
          ],
          [
            127.3470701,
            36.5880771
          ],
          [
            127.3469568,
            36.5877931
          ],
          [
            127.3469328,
            36.5876112
          ],
          [
            127.3468382,
            36.5869679
          ]
        ]
      }
    },
    {
      "type": "Feature",
      "properties": {
        "osm_id": 483439725,
        "highway": "residential",
        "name": "황탄리길",
        "name:en": "Hwangtalli-gil",
        "name:ko": "황탄리길"
      },
      "geometry": {
        "type": "LineString",
        "coordinates": [
          [
            127.3491919,
            36.5944255
          ],
          [
            127.3489097,
            36.5946022
          ],
          [
            127.348434,
            36.594758
          ],
          [
            127.3482305,
            36.594846
          ],
          [
            127.3482931,
            36.5949138
          ],
          [
            127.3484747,
            36.5949817
          ],
          [
            127.3485623,
            36.5951651
          ]
        ]
      }
    },
    {
      "type": "Feature",
      "properties": {
        "osm_id": 483439726,
        "highway": "residential",
        "name": "황탄리길",
        "name:en": "Hwangtalli-gil",
        "name:ko": "황탄리길"
      },
      "geometry": {
        "type": "LineString",
        "coordinates": [
          [
            127.3484194,
            36.5929238
          ],
          [
            127.3485796,
            36.5929587
          ],
          [
            127.3488596,
            36.5930441
          ],
          [
            127.3490668,
            36.5930576
          ],
          [
            127.3491984,
            36.5930509
          ],
          [
            127.3494364,
            36.5931273
          ],
          [
            127.349736,
            36.5932644
          ],
          [
            127.3500384,
            36.5933274
          ],
          [
            127.3502288,
            36.5932914
          ],
          [
            127.3504416,
            36.5932667
          ],
          [
            127.3508504,
            36.5932622
          ],
          [
            127.3511892,
            36.5932892
          ],
          [
            127.351416,
            36.5931565
          ],
          [
            127.351654,
            36.592844
          ],
          [
            127.351794,
            36.5925653
          ],
          [
            127.3520824,
            36.5920572
          ],
          [
            127.3522579,
            36.5921115
          ]
        ]
      }
    },
    {
      "type": "Feature",
      "properties": {
        "osm_id": 483439727,
        "bridge": "yes",
        "highway": "residential"
      },
      "geometry": {
        "type": "LineString",
        "coordinates": [
          [
            127.3522579,
            36.5921115
          ],
          [
            127.3529108,
            36.59229
          ]
        ]
      }
    },
    {
      "type": "Feature",
      "properties": {
        "osm_id": 483439728,
        "highway": "residential",
        "name": "황탄리길",
        "name:en": "Hwangtalli-gil",
        "name:ko": "황탄리길"
      },
      "geometry": {
        "type": "LineString",
        "coordinates": [
          [
            127.3536409,
            36.5922147
          ],
          [
            127.3538371,
            36.5921829
          ],
          [
            127.3540706,
            36.5921623
          ],
          [
            127.3543578,
            36.5921904
          ],
          [
            127.3546529,
            36.5922283
          ]
        ]
      }
    },
    {
      "type": "Feature",
      "properties": {
        "osm_id": 483439729,
        "highway": "residential",
        "name": "황탄리길",
        "name:en": "Hwangtalli-gil",
        "name:ko": "황탄리길"
      },
      "geometry": {
        "type": "LineString",
        "coordinates": [
          [
            127.3526912,
            36.6030494
          ],
          [
            127.3527912,
            36.6029347
          ],
          [
            127.353035,
            36.6028813
          ],
          [
            127.3532694,
            36.6028508
          ],
          [
            127.3535292,
            36.6027923
          ],
          [
            127.3535355,
            36.6026753
          ],
          [
            127.3535418,
            36.6026169
          ],
          [
            127.3536432,
            36.6025736
          ],
          [
            127.3538396,
            36.6025711
          ],
          [
            127.354017,
            36.6025965
          ],
          [
            127.354188,
            36.6026677
          ],
          [
            127.35434,
            36.6027008
          ],
          [
            127.3544984,
            36.6026321
          ],
          [
            127.3546568,
            36.6025991
          ],
          [
            127.3547486,
            36.602683
          ],
          [
            127.3548246,
            36.6028025
          ],
          [
            127.3547581,
            36.6030084
          ],
          [
            127.3546758,
            36.6030974
          ]
        ]
      }
    },
    {
      "type": "Feature",
      "properties": {
        "osm_id": 483439730,
        "highway": "residential",
        "name": "다락탑연길",
        "name:en": "Daraktabyeon-gil",
        "name:ko": "다락탑연길",
        "surface": "asphalt"
      },
      "geometry": {
        "type": "LineString",
        "coordinates": [
          [
            127.3637301,
            36.6000809
          ],
          [
            127.3639418,
            36.6002648
          ],
          [
            127.3640528,
            36.6003288
          ],
          [
            127.36432,
            36.6003233
          ],
          [
            127.3644588,
            36.60034
          ],
          [
            127.3646045,
            36.600443
          ],
          [
            127.3647676,
            36.6006631
          ],
          [
            127.3649203,
            36.6008749
          ],
          [
            127.3650244,
            36.6010699
          ],
          [
            127.3651632,
            36.6011757
          ],
          [
            127.3652777,
            36.6012454
          ],
          [
            127.3653749,
            36.6015184
          ],
          [
            127.365427,
            36.6017078
          ],
          [
            127.3653437,
            36.6018666
          ],
          [
            127.3652535,
            36.601978
          ],
          [
            127.3652777,
            36.6021145
          ],
          [
            127.3653367,
            36.6023207
          ],
          [
            127.3652601,
            36.6024464
          ],
          [
            127.3652211,
            36.6025067
          ],
          [
            127.3650744,
            36.6027261
          ],
          [
            127.3649283,
            36.6028865
          ],
          [
            127.3647542,
            36.6030266
          ],
          [
            127.3643686,
            36.6030004
          ],
          [
            127.3640389,
            36.6029029
          ],
          [
            127.3638585,
            36.6029168
          ],
          [
            127.3634317,
            36.6030478
          ],
          [
            127.3632824,
            36.6031843
          ],
          [
            127.3630708,
            36.6033431
          ],
          [
            127.3628591,
            36.6034712
          ],
          [
            127.3625988,
            36.6034656
          ],
          [
            127.3618805,
            36.6033431
          ],
          [
            127.361589,
            36.6033208
          ],
          [
            127.3613878,
            36.6033681
          ]
        ]
      }
    },
    {
      "type": "Feature",
      "properties": {
        "osm_id": 483439731,
        "highway": "residential",
        "name": "다락탑연길",
        "name:en": "Daraktabyeon-gil",
        "name:ko": "다락탑연길"
      },
      "geometry": {
        "type": "LineString",
        "coordinates": [
          [
            127.3647542,
            36.6030266
          ],
          [
            127.3647154,
            36.6032145
          ],
          [
            127.3647022,
            36.6033988
          ],
          [
            127.3647816,
            36.603566
          ],
          [
            127.3648898,
            36.6039184
          ],
          [
            127.3650382,
            36.6042237
          ],
          [
            127.365066,
            36.604452
          ],
          [
            127.3650598,
            36.6046232
          ],
          [
            127.3650258,
            36.6047225
          ],
          [
            127.3647167,
            36.604725
          ],
          [
            127.3640767,
            36.6047374
          ]
        ]
      }
    },
    {
      "type": "Feature",
      "properties": {
        "osm_id": 483439732,
        "highway": "residential",
        "name": "다락탑연길",
        "name:en": "Daraktabyeon-gil",
        "name:ko": "다락탑연길"
      },
      "geometry": {
        "type": "LineString",
        "coordinates": [
          [
            127.3650258,
            36.6047225
          ],
          [
            127.365025,
            36.6048713
          ],
          [
            127.3651362,
            36.605026
          ],
          [
            127.3651992,
            36.6051182
          ],
          [
            127.3651881,
            36.6052789
          ],
          [
            127.3650769,
            36.6054306
          ],
          [
            127.3650547,
            36.605511
          ],
          [
            127.3650917,
            36.6056538
          ],
          [
            127.3650435,
            36.6057252
          ],
          [
            127.3647767,
            36.6058174
          ],
          [
            127.364747,
            36.6058978
          ],
          [
            127.3647767,
            36.6060584
          ],
          [
            127.3647137,
            36.6061655
          ],
          [
            127.3644752,
            36.6062962
          ],
          [
            127.3643895,
            36.6064095
          ],
          [
            127.3643669,
            36.6064393
          ],
          [
            127.364189,
            36.6066207
          ],
          [
            127.3641389,
            36.6066953
          ]
        ]
      }
    },
    {
      "type": "Feature",
      "properties": {
        "osm_id": 483439733,
        "highway": "residential",
        "name": "다락탑연길",
        "name:en": "Daraktabyeon-gil",
        "name:ko": "다락탑연길"
      },
      "geometry": {
        "type": "LineString",
        "coordinates": [
          [
            127.3652601,
            36.6024464
          ],
          [
            127.3654574,
            36.6024681
          ],
          [
            127.3655593,
            36.602447
          ],
          [
            127.3657992,
            36.6023256
          ],
          [
            127.3660359,
            36.6022728
          ],
          [
            127.3662857,
            36.6022702
          ],
          [
            127.3666374,
            36.6023124
          ],
          [
            127.3670352,
            36.6023229
          ],
          [
            127.3672784,
            36.6023124
          ],
          [
            127.367617,
            36.6021989
          ],
          [
            127.3676789,
            36.6021783
          ],
          [
            127.367903,
            36.6021039
          ],
          [
            127.3682744,
            36.6019614
          ],
          [
            127.3685538,
            36.6019377
          ],
          [
            127.368772,
            36.6019535
          ],
          [
            127.3690698,
            36.6020483
          ],
          [
            127.3691582,
            36.6020816
          ],
          [
            127.3694112,
            36.6021922
          ]
        ]
      }
    },
    {
      "type": "Feature",
      "properties": {
        "osm_id": 498755879,
        "highway": "track"
      },
      "geometry": {
        "type": "LineString",
        "coordinates": [
          [
            127.3637714,
            36.6089195
          ],
          [
            127.3637634,
            36.6088643
          ],
          [
            127.3637667,
            36.608839
          ],
          [
            127.3637755,
            36.6088213
          ],
          [
            127.3637916,
            36.6087917
          ],
          [
            127.3638177,
            36.608768
          ],
          [
            127.3638499,
            36.6087421
          ],
          [
            127.3639263,
            36.6087007
          ],
          [
            127.3639874,
            36.6086835
          ],
          [
            127.364041,
            36.6086743
          ],
          [
            127.3640799,
            36.6086695
          ],
          [
            127.364326,
            36.6086388
          ],
          [
            127.3644085,
            36.6086393
          ],
          [
            127.3644487,
            36.6086339
          ],
          [
            127.3644976,
            36.60867
          ],
          [
            127.3645459,
            36.608691
          ],
          [
            127.3646177,
            36.608719
          ],
          [
            127.3646928,
            36.6087438
          ],
          [
            127.3647491,
            36.6087642
          ],
          [
            127.3648048,
            36.6087744
          ],
          [
            127.3648517,
            36.6087793
          ],
          [
            127.364904,
            36.608782
          ],
          [
            127.3649516,
            36.6087787
          ],
          [
            127.3650066,
            36.6087723
          ],
          [
            127.3650562,
            36.6087717
          ],
          [
            127.365085,
            36.6087777
          ],
          [
            127.3651112,
            36.6087857
          ],
          [
            127.3651394,
            36.6087981
          ],
          [
            127.3651595,
            36.6088159
          ],
          [
            127.3651789,
            36.6088385
          ],
          [
            127.3651903,
            36.6088563
          ],
          [
            127.3652332,
            36.6088611
          ],
          [
            127.3652668,
            36.6088665
          ],
          [
            127.3653023,
            36.6088767
          ],
          [
            127.3653204,
            36.6088907
          ],
          [
            127.3653285,
            36.6089214
          ],
          [
            127.3653405,
            36.6089612
          ],
          [
            127.3653432,
            36.6090054
          ],
          [
            127.3653492,
            36.6090737
          ],
          [
            127.3649731,
            36.6091345
          ],
          [
            127.3648765,
            36.6091561
          ],
          [
            127.3648282,
            36.6091668
          ],
          [
            127.3647786,
            36.6091717
          ],
          [
            127.3647122,
            36.6091797
          ],
          [
            127.3646613,
            36.6091867
          ],
          [
            127.3645721,
            36.609205
          ],
          [
            127.364503,
            36.609218
          ],
          [
            127.3644326,
            36.609233
          ],
          [
            127.3643749,
            36.6092422
          ],
          [
            127.3643159,
            36.6092519
          ],
          [
            127.364271,
            36.6092621
          ],
          [
            127.3642522,
            36.6092809
          ],
          [
            127.3642475,
            36.6093089
          ],
          [
            127.3642703,
            36.6094187
          ],
          [
            127.3643179,
            36.6096174
          ],
          [
            127.3643344,
            36.6096821
          ],
          [
            127.3643474,
            36.6097336
          ],
          [
            127.3643609,
            36.6097708
          ],
          [
            127.3643723,
            36.6097875
          ],
          [
            127.3644178,
            36.6098666
          ],
          [
            127.3644567,
            36.6099457
          ],
          [
            127.364495,
            36.6100103
          ],
          [
            127.3645352,
            36.6100544
          ],
          [
            127.364557,
            36.6100729
          ]
        ]
      }
    },
    {
      "type": "Feature",
      "properties": {
        "osm_id": 498755880,
        "highway": "track"
      },
      "geometry": {
        "type": "LineString",
        "coordinates": [
          [
            127.3643344,
            36.6096821
          ],
          [
            127.3645015,
            36.6096449
          ],
          [
            127.3645431,
            36.6096293
          ],
          [
            127.3645739,
            36.6096148
          ],
          [
            127.3646283,
            36.6095906
          ],
          [
            127.3646698,
            36.6095706
          ]
        ]
      }
    },
    {
      "type": "Feature",
      "properties": {
        "osm_id": 498755881,
        "highway": "track"
      },
      "geometry": {
        "type": "LineString",
        "coordinates": [
          [
            127.3644487,
            36.6086339
          ],
          [
            127.3644878,
            36.608578
          ],
          [
            127.3644993,
            36.6085361
          ],
          [
            127.3645019,
            36.6084842
          ],
          [
            127.3645037,
            36.6084295
          ],
          [
            127.3644957,
            36.6083699
          ],
          [
            127.3644798,
            36.6083074
          ],
          [
            127.3644595,
            36.6082413
          ],
          [
            127.36444,
            36.6081824
          ],
          [
            127.3644303,
            36.6081433
          ],
          [
            127.3644285,
            36.6080737
          ],
          [
            127.3644232,
            36.6080346
          ],
          [
            127.3644143,
            36.6079657
          ],
          [
            127.3644072,
            36.6079394
          ],
          [
            127.3643984,
            36.607911
          ],
          [
            127.3643842,
            36.6078819
          ],
          [
            127.3643727,
            36.6078684
          ],
          [
            127.3643489,
            36.6078535
          ],
          [
            127.3643197,
            36.6078414
          ],
          [
            127.3642728,
            36.6078265
          ],
          [
            127.3642037,
            36.6078102
          ],
          [
            127.3640931,
            36.6077804
          ],
          [
            127.3640179,
            36.6077683
          ],
          [
            127.3639383,
            36.6077491
          ],
          [
            127.3638826,
            36.6077328
          ],
          [
            127.3638357,
            36.6077129
          ],
          [
            127.3638003,
            36.6076937
          ],
          [
            127.3637148,
            36.6076322
          ]
        ]
      }
    },
    {
      "type": "Feature",
      "properties": {
        "osm_id": 498755882,
        "highway": "track"
      },
      "geometry": {
        "type": "LineString",
        "coordinates": [
          [
            127.364557,
            36.6100729
          ],
          [
            127.3647367,
            36.6099865
          ],
          [
            127.3648231,
            36.6099434
          ],
          [
            127.3648967,
            36.6099124
          ],
          [
            127.3650018,
            36.6098787
          ],
          [
            127.3650823,
            36.6098571
          ],
          [
            127.3651138,
            36.609845
          ],
          [
            127.3651454,
            36.6098253
          ],
          [
            127.3651664,
            36.6097953
          ],
          [
            127.3651699,
            36.6097616
          ],
          [
            127.3651559,
            36.6097391
          ]
        ]
      }
    },
    {
      "type": "Feature",
      "properties": {
        "osm_id": 504368756,
        "highway": "footway"
      },
      "geometry": {
        "type": "LineString",
        "coordinates": [
          [
            127.3573244,
            36.6099241
          ],
          [
            127.3572596,
            36.6098998
          ],
          [
            127.3571081,
            36.6099083
          ],
          [
            127.3566629,
            36.6097446
          ]
        ]
      }
    },
    {
      "type": "Feature",
      "properties": {
        "osm_id": 621515328,
        "highway": "service"
      },
      "geometry": {
        "type": "LineString",
        "coordinates": [
          [
            127.3562243,
            36.6058808
          ],
          [
            127.3563134,
            36.6056663
          ],
          [
            127.3563631,
            36.6055824
          ],
          [
            127.3564377,
            36.6055265
          ],
          [
            127.3570495,
            36.6051432
          ],
          [
            127.3571316,
            36.6051252
          ],
          [
            127.3572149,
            36.6051462
          ],
          [
            127.3572914,
            36.6051926
          ],
          [
            127.3573769,
            36.6052138
          ],
          [
            127.3576062,
            36.6051426
          ],
          [
            127.3581834,
            36.6055202
          ],
          [
            127.3562275,
            36.6062301
          ]
        ]
      }
    },
    {
      "type": "Feature",
      "properties": {
        "osm_id": 658942318,
        "highway": "unclassified",
        "name": "동막로",
        "name:en": "Dongmak-ro",
        "name:ko": "동막로",
        "surface": "asphalt"
      },
      "geometry": {
        "type": "LineString",
        "coordinates": [
          [
            127.3770909,
            36.5919714
          ],
          [
            127.3769125,
            36.5919197
          ],
          [
            127.3767623,
            36.5918788
          ],
          [
            127.3764271,
            36.5918013
          ],
          [
            127.3759845,
            36.5916914
          ],
          [
            127.3756063,
            36.591573
          ],
          [
            127.37544,
            36.5915385
          ],
          [
            127.3752549,
            36.5914826
          ],
          [
            127.3751557,
            36.5914546
          ],
          [
            127.3749679,
            36.5913813
          ],
          [
            127.3749223,
            36.5913361
          ],
          [
            127.374874,
            36.5913274
          ],
          [
            127.3747668,
            36.5913081
          ],
          [
            127.3746273,
            36.591306
          ],
          [
            127.3743913,
            36.5913189
          ],
          [
            127.3740855,
            36.5913232
          ],
          [
            127.373718,
            36.591265
          ],
          [
            127.3733854,
            36.5912069
          ],
          [
            127.3732862,
            36.5912004
          ],
          [
            127.3732164,
            36.5912134
          ],
          [
            127.3730931,
            36.5912758
          ],
          [
            127.3727873,
            36.5914847
          ],
          [
            127.3724627,
            36.5917001
          ],
          [
            127.3723555,
            36.5918508
          ],
          [
            127.3722669,
            36.5920037
          ],
          [
            127.3721489,
            36.5920748
          ],
          [
            127.371693,
            36.5922858
          ],
          [
            127.3715213,
            36.5923224
          ],
          [
            127.3714247,
            36.5923203
          ],
          [
            127.3712987,
            36.5922385
          ],
          [
            127.3712343,
            36.5920769
          ],
          [
            127.3711377,
            36.5918982
          ],
          [
            127.3710653,
            36.5918034
          ],
          [
            127.3710358,
            36.5917776
          ],
          [
            127.371009,
            36.5917754
          ],
          [
            127.3708884,
            36.5918165
          ],
          [
            127.3708507,
            36.5918293
          ],
          [
            127.3704806,
            36.591952
          ],
          [
            127.3703706,
            36.5920016
          ],
          [
            127.3702902,
            36.5920619
          ],
          [
            127.3702446,
            36.5921049
          ],
          [
            127.370258,
            36.5921717
          ],
          [
            127.3704109,
            36.592863
          ],
          [
            127.3704055,
            36.5931515
          ],
          [
            127.3704162,
            36.5933152
          ],
          [
            127.3703974,
            36.5934186
          ],
          [
            127.370317,
            36.5935435
          ],
          [
            127.3700407,
            36.5939936
          ],
          [
            127.3700005,
            36.5940754
          ],
          [
            127.370005,
            36.5941335
          ],
          [
            127.3700085,
            36.5941788
          ],
          [
            127.3700273,
            36.5942541
          ],
          [
            127.3700783,
            36.5943058
          ],
          [
            127.3701802,
            36.5943877
          ],
          [
            127.3702043,
            36.5944415
          ],
          [
            127.3701775,
            36.5945212
          ],
          [
            127.3700568,
            36.5948227
          ],
          [
            127.3700166,
            36.5949992
          ],
          [
            127.3699656,
            36.5951866
          ],
          [
            127.3698798,
            36.5953589
          ],
          [
            127.3697993,
            36.595501
          ],
          [
            127.3697591,
            36.5955936
          ],
          [
            127.3697484,
            36.5957163
          ],
          [
            127.3697644,
            36.5959015
          ],
          [
            127.3698047,
            36.5961449
          ],
          [
            127.3697671,
            36.5962504
          ],
          [
            127.3697162,
            36.5963473
          ],
          [
            127.369633,
            36.5964808
          ],
          [
            127.3695552,
            36.5965368
          ],
          [
            127.3694479,
            36.5966315
          ],
          [
            127.3693809,
            36.5967069
          ],
          [
            127.3693514,
            36.596778
          ],
          [
            127.3693648,
            36.5968706
          ],
          [
            127.3693755,
            36.5970041
          ],
          [
            127.3693728,
            36.5970988
          ],
          [
            127.3693487,
            36.5971613
          ],
          [
            127.3692763,
            36.5972453
          ],
          [
            127.3692065,
            36.5972905
          ],
          [
            127.3690268,
            36.5973637
          ],
          [
            127.3688418,
            36.597452
          ],
          [
            127.3687693,
            36.5974714
          ],
          [
            127.3687023,
            36.5975144
          ],
          [
            127.3686352,
            36.5976372
          ],
          [
            127.3684207,
            36.597986
          ],
          [
            127.3683717,
            36.5980959
          ],
          [
            127.3683429,
            36.5981605
          ],
          [
            127.3682892,
            36.5983047
          ],
          [
            127.3682383,
            36.5984447
          ],
          [
            127.3682436,
            36.5986256
          ],
          [
            127.3683348,
            36.5989098
          ],
          [
            127.3684072,
            36.5991682
          ],
          [
            127.3684475,
            36.5992996
          ],
          [
            127.3684582,
            36.5994305
          ],
          [
            127.3684958,
            36.5995408
          ],
          [
            127.3685762,
            36.5996721
          ],
          [
            127.368603,
            36.5997776
          ],
          [
            127.3686728,
            36.5998724
          ],
          [
            127.368823,
            36.6000123
          ],
          [
            127.3689303,
            36.6001265
          ],
          [
            127.3689973,
            36.6002837
          ],
          [
            127.3690215,
            36.6003203
          ],
          [
            127.3691744,
            36.6004215
          ],
          [
            127.3693782,
            36.6005227
          ],
          [
            127.3695526,
            36.6005701
          ],
          [
            127.3696437,
            36.600583
          ],
          [
            127.3698074,
            36.6005442
          ],
          [
            127.3699307,
            36.6005464
          ],
          [
            127.3700702,
            36.6005916
          ],
          [
            127.3702499,
            36.6006605
          ],
          [
            127.3703587,
            36.6007058
          ],
          [
            127.3703956,
            36.6007231
          ],
          [
            127.3706093,
            36.6007897
          ],
          [
            127.3707381,
            36.6008414
          ],
          [
            127.3708615,
            36.6009017
          ],
          [
            127.3711216,
            36.6009404
          ],
          [
            127.3712791,
            36.6009332
          ],
          [
            127.3713094,
            36.6009318
          ],
          [
            127.3715401,
            36.6008371
          ],
          [
            127.3718539,
            36.600654
          ],
          [
            127.3719799,
            36.6006174
          ],
          [
            127.3722991,
            36.6004322
          ],
          [
            127.3723984,
            36.6003633
          ],
          [
            127.3724547,
            36.6002944
          ],
          [
            127.3726854,
            36.6000446
          ],
          [
            127.3728168,
            36.5999564
          ],
          [
            127.3729965,
            36.5998487
          ],
          [
            127.3730957,
            36.5997884
          ],
          [
            127.373262,
            36.5996527
          ],
          [
            127.3734605,
            36.5995214
          ],
          [
            127.3735598,
            36.5994589
          ],
          [
            127.3736188,
            36.5994439
          ],
          [
            127.3739862,
            36.5994202
          ],
          [
            127.3740694,
            36.5994116
          ],
          [
            127.3743349,
            36.5992867
          ],
          [
            127.3745495,
            36.5991166
          ],
          [
            127.3747534,
            36.5989228
          ],
          [
            127.3749733,
            36.5988065
          ],
          [
            127.3752093,
            36.5987031
          ],
          [
            127.3754775,
            36.5985351
          ],
          [
            127.3757029,
            36.5984103
          ],
          [
            127.3759174,
            36.5982767
          ],
          [
            127.376073,
            36.5981346
          ],
          [
            127.3762876,
            36.5981734
          ],
          [
            127.3764539,
            36.5981992
          ],
          [
            127.3766524,
            36.5981949
          ],
          [
            127.3768562,
            36.5982724
          ],
          [
            127.3769957,
            36.5982165
          ],
          [
            127.3773766,
            36.5979322
          ],
          [
            127.3775268,
            36.5978934
          ],
          [
            127.3777682,
            36.5978676
          ],
          [
            127.3779613,
            36.5978762
          ],
          [
            127.3781598,
            36.5978461
          ],
          [
            127.3784387,
            36.5977858
          ],
          [
            127.3785353,
            36.597803
          ],
          [
            127.3790288,
            36.597592
          ],
          [
            127.3794097,
            36.5973766
          ]
        ]
      }
    },
    {
      "type": "Feature",
      "properties": {
        "osm_id": 662559114,
        "highway": "service"
      },
      "geometry": {
        "type": "LineString",
        "coordinates": [
          [
            127.353908,
            36.6068634
          ],
          [
            127.3540302,
            36.6067406
          ]
        ]
      }
    },
    {
      "type": "Feature",
      "properties": {
        "osm_id": 662559131,
        "highway": "path"
      },
      "geometry": {
        "type": "LineString",
        "coordinates": [
          [
            127.3547818,
            36.6080359
          ],
          [
            127.3551504,
            36.608039
          ]
        ]
      }
    },
    {
      "type": "Feature",
      "properties": {
        "osm_id": 662559132,
        "highway": "service"
      },
      "geometry": {
        "type": "LineString",
        "coordinates": [
          [
            127.3556588,
            36.6095647
          ],
          [
            127.3554961,
            36.6098162
          ]
        ]
      }
    },
    {
      "type": "Feature",
      "properties": {
        "osm_id": 969127994,
        "highway": "service",
        "junction": "roundabout"
      },
      "geometry": {
        "type": "LineString",
        "coordinates": [
          [
            127.3580435,
            36.6083245
          ],
          [
            127.3580558,
            36.6083034
          ],
          [
            127.3581225,
            36.6082545
          ],
          [
            127.3582073,
            36.6082298
          ],
          [
            127.3582975,
            36.608233
          ],
          [
            127.3583793,
            36.6082637
          ],
          [
            127.3584402,
            36.6083172
          ],
          [
            127.358471,
            36.6083854
          ],
          [
            127.3584669,
            36.6084578
          ],
          [
            127.3584407,
            36.6085027
          ]
        ]
      }
    },
    {
      "type": "Feature",
      "properties": {
        "osm_id": 969127995,
        "highway": "service"
      },
      "geometry": {
        "type": "LineString",
        "coordinates": [
          [
            127.361841,
            36.6091464
          ],
          [
            127.361866,
            36.609166
          ],
          [
            127.3622231,
            36.6092801
          ]
        ]
      }
    },
    {
      "type": "Feature",
      "properties": {
        "osm_id": 969127996,
        "covered": "yes",
        "highway": "service"
      },
      "geometry": {
        "type": "LineString",
        "coordinates": [
          [
            127.3617147,
            36.6090915
          ],
          [
            127.361841,
            36.6091464
          ]
        ]
      }
    },
    {
      "type": "Feature",
      "properties": {
        "osm_id": 969127997,
        "highway": "service",
        "name": "청운길",
        "oneway": "yes"
      },
      "geometry": {
        "type": "LineString",
        "coordinates": [
          [
            127.3606892,
            36.6103472
          ],
          [
            127.3606699,
            36.6102956
          ],
          [
            127.3607302,
            36.6102124
          ],
          [
            127.3609099,
            36.6099646
          ]
        ]
      }
    },
    {
      "type": "Feature",
      "properties": {
        "osm_id": 1131071864,
        "highway": "unclassified"
      },
      "geometry": {
        "type": "LineString",
        "coordinates": [
          [
            127.3627429,
            36.5874345
          ],
          [
            127.3628184,
            36.5882
          ],
          [
            127.3628271,
            36.5882877
          ],
          [
            127.3625796,
            36.5885202
          ],
          [
            127.3627291,
            36.5888539
          ],
          [
            127.3624816,
            36.5893001
          ],
          [
            127.3624442,
            36.5895739
          ],
          [
            127.3624489,
            36.5898926
          ],
          [
            127.3623601,
            36.5900313
          ],
          [
            127.3620659,
            36.5902863
          ],
          [
            127.3618278,
            36.5903838
          ],
          [
            127.3616363,
            36.5910175
          ],
          [
            127.3613141,
            36.5914562
          ],
          [
            127.3610572,
            36.5916024
          ],
          [
            127.3604127,
            36.5917036
          ],
          [
            127.3600205,
            36.5918424
          ],
          [
            127.3595628,
            36.5919136
          ],
          [
            127.3592826,
            36.5920073
          ],
          [
            127.3587897,
            36.592349
          ],
          [
            127.3587362,
            36.592386
          ],
          [
            127.3583159,
            36.5927498
          ],
          [
            127.3579283,
            36.593046
          ],
          [
            127.3566487,
            36.5942645
          ],
          [
            127.3560868,
            36.5947785
          ]
        ]
      }
    },
    {
      "type": "Feature",
      "properties": {
        "osm_id": 1131071867,
        "highway": "unclassified"
      },
      "geometry": {
        "type": "LineString",
        "coordinates": [
          [
            127.3584271,
            36.5921839
          ],
          [
            127.357792,
            36.5922702
          ],
          [
            127.3562836,
            36.5925176
          ],
          [
            127.3559147,
            36.5925364
          ],
          [
            127.3554556,
            36.5926366
          ],
          [
            127.3551841,
            36.592724
          ],
          [
            127.3550021,
            36.5927901
          ],
          [
            127.3547221,
            36.5929473
          ],
          [
            127.354535,
            36.5930014
          ],
          [
            127.3543392,
            36.5930767
          ],
          [
            127.3541442,
            36.5931976
          ],
          [
            127.3539562,
            36.5933635
          ],
          [
            127.3538827,
            36.5934273
          ],
          [
            127.3536737,
            36.5935585
          ],
          [
            127.3533994,
            36.5936357
          ]
        ]
      }
    },
    {
      "type": "Feature",
      "properties": {
        "osm_id": 1131071868,
        "highway": "unclassified"
      },
      "geometry": {
        "type": "LineString",
        "coordinates": [
          [
            127.3587897,
            36.592349
          ],
          [
            127.3586808,
            36.5922925
          ]
        ]
      }
    },
    {
      "type": "Feature",
      "properties": {
        "osm_id": 1131071869,
        "highway": "unclassified",
        "layer": "-1",
        "tunnel": "yes"
      },
      "geometry": {
        "type": "LineString",
        "coordinates": [
          [
            127.3586808,
            36.5922925
          ],
          [
            127.3584271,
            36.5921839
          ]
        ]
      }
    },
    {
      "type": "Feature",
      "properties": {
        "osm_id": 1176587496,
        "highway": "unclassified"
      },
      "geometry": {
        "type": "LineString",
        "coordinates": [
          [
            127.3534321,
            36.6070699
          ],
          [
            127.3526859,
            36.6071935
          ],
          [
            127.3527631,
            36.6067457
          ],
          [
            127.3525057,
            36.6067457
          ],
          [
            127.3521108,
            36.6065734
          ],
          [
            127.3517074,
            36.6062151
          ],
          [
            127.3511324,
            36.6059395
          ],
          [
            127.3506689,
            36.6058913
          ],
          [
            127.3500423,
            36.6057053
          ]
        ]
      }
    },
    {
      "type": "Feature",
      "properties": {
        "osm_id": 1176587830,
        "highway": "unclassified"
      },
      "geometry": {
        "type": "LineString",
        "coordinates": [
          [
            127.3482305,
            36.594846
          ],
          [
            127.3478708,
            36.5948388
          ],
          [
            127.3476047,
            36.5948319
          ],
          [
            127.3470039,
            36.594949
          ],
          [
            127.3465833,
            36.5950041
          ],
          [
            127.3459053,
            36.5952867
          ],
          [
            127.3452701,
            36.5956106
          ],
          [
            127.3451586,
            36.5957001
          ],
          [
            127.3447895,
            36.5958517
          ],
          [
            127.3444805,
            36.5961756
          ],
          [
            127.34412,
            36.5962859
          ],
          [
            127.3438196,
            36.5966097
          ],
          [
            127.3438282,
            36.5968234
          ]
        ]
      }
    },
    {
      "type": "Feature",
      "properties": {
        "osm_id": 1176587831,
        "highway": "unclassified"
      },
      "geometry": {
        "type": "LineString",
        "coordinates": [
          [
            127.3438282,
            36.5968234
          ],
          [
            127.3439398,
            36.5969405
          ],
          [
            127.3439054,
            36.5971059
          ],
          [
            127.34521,
            36.5984565
          ],
          [
            127.3463173,
            36.5997864
          ],
          [
            127.3468752,
            36.6006753
          ],
          [
            127.3477335,
            36.6025357
          ],
          [
            127.3479824,
            36.6036726
          ],
          [
            127.3481819,
            36.6045888
          ],
          [
            127.3482708,
            36.6049973
          ],
          [
            127.3485059,
            36.6060773
          ]
        ]
      }
    },
    {
      "type": "Feature",
      "properties": {
        "osm_id": 1176587890,
        "highway": "unclassified"
      },
      "geometry": {
        "type": "LineString",
        "coordinates": [
          [
            127.3477335,
            36.6025357
          ],
          [
            127.348051,
            36.6026059
          ],
          [
            127.3483,
            36.6026404
          ],
          [
            127.3517619,
            36.6021656
          ]
        ]
      }
    },
    {
      "type": "Feature",
      "properties": {
        "osm_id": 1176587921,
        "highway": "unclassified"
      },
      "geometry": {
        "type": "LineString",
        "coordinates": [
          [
            127.3481819,
            36.6045888
          ],
          [
            127.3506946,
            36.6042045
          ],
          [
            127.3513899,
            36.6041218
          ],
          [
            127.3517933,
            36.6037153
          ],
          [
            127.3520508,
            36.6033432
          ],
          [
            127.3522138,
            36.60304
          ],
          [
            127.3523327,
            36.6028657
          ]
        ]
      }
    },
    {
      "type": "Feature",
      "properties": {
        "osm_id": 1176588072,
        "highway": "path",
        "informal": "yes"
      },
      "geometry": {
        "type": "LineString",
        "coordinates": [
          [
            127.3464117,
            36.5994432
          ],
          [
            127.347064,
            36.5993536
          ],
          [
            127.3475275,
            36.5994569
          ],
          [
            127.3477678,
            36.5995741
          ],
          [
            127.3492269,
            36.6004905
          ],
          [
            127.3496561,
            36.6005388
          ],
          [
            127.3498621,
            36.6006421
          ],
          [
            127.3501024,
            36.6006697
          ],
          [
            127.3503856,
            36.6009178
          ],
          [
            127.3505745,
            36.6009109
          ],
          [
            127.3507032,
            36.6008557
          ],
          [
            127.3509865,
            36.6009591
          ],
          [
            127.3512869,
            36.6014345
          ],
          [
            127.3514414,
            36.6015724
          ],
          [
            127.3515813,
            36.6015709
          ]
        ]
      }
    },
    {
      "type": "Feature",
      "properties": {
        "osm_id": 1180228503,
        "highway": "track",
        "surface": "concrete",
        "tracktype": "grade1"
      },
      "geometry": {
        "type": "LineString",
        "coordinates": [
          [
            127.3667692,
            36.5869064
          ],
          [
            127.3699193,
            36.5894182
          ],
          [
            127.3709276,
            36.5903272
          ],
          [
            127.3710349,
            36.5904099
          ],
          [
            127.3712432,
            36.5903453
          ],
          [
            127.3713138,
            36.5902641
          ],
          [
            127.371387,
            36.5900866
          ],
          [
            127.37155,
            36.5900005
          ],
          [
            127.372683,
            36.5901555
          ],
          [
            127.3736572,
            36.5905794
          ],
          [
            127.3739061,
            36.5906517
          ],
          [
            127.3743352,
            36.5907172
          ],
          [
            127.3745412,
            36.590762
          ],
          [
            127.3747301,
            36.5908723
          ],
          [
            127.3748331,
            36.5911066
          ],
          [
            127.374874,
            36.5913274
          ]
        ]
      }
    },
    {
      "type": "Feature",
      "properties": {
        "osm_id": 1180228535,
        "bridge": "yes",
        "highway": "track",
        "layer": "1",
        "surface": "concrete",
        "tracktype": "grade1"
      },
      "geometry": {
        "type": "LineString",
        "coordinates": [
          [
            127.3709139,
            36.5905181
          ],
          [
            127.3710169,
            36.5904304
          ]
        ]
      }
    },
    {
      "type": "Feature",
      "properties": {
        "osm_id": 1180228536,
        "highway": "track",
        "surface": "concrete",
        "tracktype": "grade1"
      },
      "geometry": {
        "type": "LineString",
        "coordinates": [
          [
            127.3710169,
            36.5904304
          ],
          [
            127.3710349,
            36.5904099
          ]
        ]
      }
    },
    {
      "type": "Feature",
      "properties": {
        "osm_id": 1180228537,
        "highway": "track",
        "surface": "concrete",
        "tracktype": "grade1"
      },
      "geometry": {
        "type": "LineString",
        "coordinates": [
          [
            127.3708655,
            36.590552
          ],
          [
            127.3709139,
            36.5905181
          ]
        ]
      }
    },
    {
      "type": "Feature",
      "properties": {
        "osm_id": 1180228750,
        "highway": "track",
        "surface": "concrete",
        "tracktype": "grade1"
      },
      "geometry": {
        "type": "LineString",
        "coordinates": [
          [
            127.3708086,
            36.5916451
          ],
          [
            127.3706058,
            36.5914895
          ],
          [
            127.370514,
            36.5913483
          ],
          [
            127.37049,
            36.5911169
          ],
          [
            127.3703355,
            36.5909102
          ],
          [
            127.3702111,
            36.5907034
          ],
          [
            127.370151,
            36.590569
          ],
          [
            127.3697948,
            36.5905036
          ],
          [
            127.3695974,
            36.590445
          ],
          [
            127.3693785,
            36.5904415
          ],
          [
            127.369224,
            36.5903209
          ],
          [
            127.3689966,
            36.590283
          ],
          [
            127.3689537,
            36.590221
          ],
          [
            127.3697514,
            36.5896451
          ]
        ]
      }
    },
    {
      "type": "Feature",
      "properties": {
        "osm_id": 1180234105,
        "highway": "unclassified"
      },
      "geometry": {
        "type": "LineString",
        "coordinates": [
          [
            127.3752549,
            36.5914826
          ],
          [
            127.3752021,
            36.5916204
          ],
          [
            127.375288,
            36.5918685
          ],
          [
            127.3753481,
            36.5923785
          ],
          [
            127.3752279,
            36.5926197
          ],
          [
            127.3751506,
            36.5928953
          ],
          [
            127.3751764,
            36.5932123
          ],
          [
            127.3753652,
            36.5934466
          ],
          [
            127.3753137,
            36.5935293
          ],
          [
            127.3748073,
            36.5937016
          ],
          [
            127.3746106,
            36.5933543
          ]
        ]
      }
    },
    {
      "type": "Feature",
      "properties": {
        "osm_id": 1181142724,
        "highway": "unclassified"
      },
      "geometry": {
        "type": "LineString",
        "coordinates": [
          [
            127.3526859,
            36.6071935
          ],
          [
            127.3522782,
            36.6073376
          ],
          [
            127.3514741,
            36.6070903
          ],
          [
            127.3510396,
            36.6071076
          ],
          [
            127.3509256,
            36.6069468
          ],
          [
            127.3505652,
            36.6067465
          ],
          [
            127.3500845,
            36.606425
          ],
          [
            127.3494437,
            36.6061133
          ],
          [
            127.3490493,
            36.6060391
          ],
          [
            127.3485163,
            36.6062345
          ],
          [
            127.3485059,
            36.6060773
          ]
        ]
      }
    },
    {
      "type": "Feature",
      "properties": {
        "osm_id": 1181142758,
        "highway": "secondary"
      },
      "geometry": {
        "type": "LineString",
        "coordinates": [
          [
            127.3527631,
            36.6067457
          ],
          [
            127.3527958,
            36.6064621
          ],
          [
            127.352995,
            36.6062046
          ],
          [
            127.3530331,
            36.6061554
          ],
          [
            127.3533843,
            36.6057646
          ],
          [
            127.3536053,
            36.6055083
          ]
        ]
      }
    },
    {
      "type": "Feature",
      "properties": {
        "osm_id": 1181142769,
        "highway": "secondary"
      },
      "geometry": {
        "type": "LineString",
        "coordinates": [
          [
            127.353777,
            36.6066425
          ],
          [
            127.352995,
            36.6062046
          ]
        ]
      }
    },
    {
      "type": "Feature",
      "properties": {
        "osm_id": 1227512649,
        "highway": "service"
      },
      "geometry": {
        "type": "LineString",
        "coordinates": [
          [
            127.3691582,
            36.6020816
          ],
          [
            127.3691516,
            36.6022679
          ],
          [
            127.3690952,
            36.6024466
          ],
          [
            127.3690323,
            36.6025799
          ],
          [
            127.3689263,
            36.602677
          ],
          [
            127.3688552,
            36.6027126
          ],
          [
            127.3687372,
            36.6027136
          ]
        ]
      }
    },
    {
      "type": "Feature",
      "properties": {
        "osm_id": 1227512652,
        "highway": "path"
      },
      "geometry": {
        "type": "LineString",
        "coordinates": [
          [
            127.368804,
            36.6118839
          ],
          [
            127.3688906,
            36.6119043
          ],
          [
            127.3689755,
            36.6118952
          ],
          [
            127.3690686,
            36.6118676
          ],
          [
            127.3691505,
            36.6118299
          ],
          [
            127.3692427,
            36.6118069
          ],
          [
            127.3694447,
            36.611771
          ],
          [
            127.3695489,
            36.6117331
          ],
          [
            127.369575,
            36.6116939
          ],
          [
            127.3695853,
            36.6116524
          ],
          [
            127.3695873,
            36.6115673
          ],
          [
            127.3696155,
            36.6115
          ],
          [
            127.3695889,
            36.6114462
          ],
          [
            127.3695897,
            36.6114224
          ],
          [
            127.3696228,
            36.6114051
          ],
          [
            127.3696399,
            36.6114019
          ],
          [
            127.3696665,
            36.6114087
          ],
          [
            127.3697199,
            36.6114099
          ],
          [
            127.36972,
            36.6114063
          ],
          [
            127.3697512,
            36.6113936
          ],
          [
            127.3697783,
            36.6113738
          ],
          [
            127.3697925,
            36.6113468
          ],
          [
            127.3698362,
            36.611313
          ],
          [
            127.3698883,
            36.6112575
          ],
          [
            127.36992,
            36.6112356
          ],
          [
            127.3699317,
            36.6112196
          ],
          [
            127.3699918,
            36.6111787
          ],
          [
            127.3700161,
            36.6111479
          ],
          [
            127.3700841,
            36.6111524
          ],
          [
            127.3702475,
            36.6111082
          ],
          [
            127.370294,
            36.6110787
          ],
          [
            127.3703163,
            36.6110707
          ],
          [
            127.3703824,
            36.6110243
          ],
          [
            127.3703968,
            36.6110023
          ],
          [
            127.3703952,
            36.6109721
          ],
          [
            127.3704064,
            36.6109157
          ],
          [
            127.3704188,
            36.6108805
          ],
          [
            127.3704395,
            36.6108536
          ],
          [
            127.370463,
            36.6107974
          ],
          [
            127.3704665,
            36.6107687
          ],
          [
            127.370463,
            36.6107154
          ],
          [
            127.3704727,
            36.6106833
          ],
          [
            127.3704984,
            36.6106291
          ],
          [
            127.3705403,
            36.6105803
          ],
          [
            127.3705532,
            36.6105591
          ],
          [
            127.3706107,
            36.6104981
          ],
          [
            127.3706118,
            36.6104708
          ],
          [
            127.3706259,
            36.6104103
          ],
          [
            127.3706179,
            36.610389
          ],
          [
            127.3706473,
            36.6103333
          ],
          [
            127.3707017,
            36.6102932
          ],
          [
            127.3707203,
            36.6102432
          ],
          [
            127.3707242,
            36.6102133
          ],
          [
            127.3707141,
            36.6101807
          ],
          [
            127.3707158,
            36.610128
          ],
          [
            127.370708,
            36.6100797
          ],
          [
            127.3706982,
            36.6100587
          ],
          [
            127.370687,
            36.6100099
          ],
          [
            127.3706723,
            36.6099911
          ],
          [
            127.3706688,
            36.6099347
          ],
          [
            127.3706608,
            36.6099109
          ],
          [
            127.3706657,
            36.6098772
          ],
          [
            127.3706637,
            36.6098369
          ],
          [
            127.3706694,
            36.6098229
          ],
          [
            127.3706577,
            36.609739
          ],
          [
            127.3706622,
            36.6096562
          ],
          [
            127.3706593,
            36.6095665
          ],
          [
            127.3706909,
            36.6095237
          ],
          [
            127.3707003,
            36.6094742
          ],
          [
            127.3707173,
            36.6094555
          ],
          [
            127.3707401,
            36.6094101
          ],
          [
            127.3707497,
            36.6093651
          ],
          [
            127.3707737,
            36.6093352
          ],
          [
            127.3707981,
            36.6092888
          ],
          [
            127.370818,
            36.6092624
          ],
          [
            127.3708296,
            36.6091906
          ],
          [
            127.3708131,
            36.609078
          ],
          [
            127.3707844,
            36.6090298
          ],
          [
            127.3707764,
            36.6090016
          ],
          [
            127.3707578,
            36.6089783
          ],
          [
            127.3707441,
            36.6089509
          ],
          [
            127.3707044,
            36.6089065
          ],
          [
            127.370664,
            36.6088417
          ],
          [
            127.3706463,
            36.6087958
          ],
          [
            127.3706412,
            36.6087696
          ],
          [
            127.3706424,
            36.6087491
          ],
          [
            127.3706087,
            36.6086985
          ],
          [
            127.3705858,
            36.6086837
          ],
          [
            127.3705716,
            36.6086629
          ],
          [
            127.3705645,
            36.6086146
          ],
          [
            127.3705531,
            36.6085943
          ],
          [
            127.3705567,
            36.6085667
          ],
          [
            127.3705462,
            36.6085496
          ],
          [
            127.3705417,
            36.6085096
          ],
          [
            127.3705194,
            36.6084372
          ],
          [
            127.3704993,
            36.6084206
          ],
          [
            127.3704079,
            36.608365
          ],
          [
            127.3703382,
            36.6083335
          ],
          [
            127.3702694,
            36.60831
          ],
          [
            127.3702097,
            36.6082705
          ],
          [
            127.370156,
            36.608261
          ],
          [
            127.3701093,
            36.6082336
          ],
          [
            127.3700832,
            36.6082301
          ],
          [
            127.3700578,
            36.6082204
          ],
          [
            127.3699761,
            36.60818
          ],
          [
            127.369924,
            36.6081469
          ],
          [
            127.3698779,
            36.6081073
          ],
          [
            127.3698574,
            36.6080841
          ],
          [
            127.3697767,
            36.6080191
          ],
          [
            127.3697465,
            36.6080101
          ],
          [
            127.3697063,
            36.6080059
          ],
          [
            127.3696712,
            36.6080089
          ],
          [
            127.3696382,
            36.6080173
          ],
          [
            127.3695593,
            36.6080166
          ],
          [
            127.3694941,
            36.608008
          ],
          [
            127.3694721,
            36.6079988
          ],
          [
            127.369425,
            36.6079674
          ],
          [
            127.3693628,
            36.6079557
          ],
          [
            127.3693297,
            36.6079382
          ],
          [
            127.3692773,
            36.6078956
          ],
          [
            127.3692619,
            36.6078695
          ],
          [
            127.3692232,
            36.6078464
          ],
          [
            127.3692007,
            36.6078253
          ],
          [
            127.3691626,
            36.6078162
          ],
          [
            127.3691206,
            36.6077995
          ],
          [
            127.3690682,
            36.6077585
          ],
          [
            127.3690548,
            36.6077551
          ],
          [
            127.3689965,
            36.6077078
          ],
          [
            127.3689878,
            36.6076948
          ],
          [
            127.3689691,
            36.6076828
          ],
          [
            127.3689669,
            36.6076648
          ],
          [
            127.3689582,
            36.607657
          ],
          [
            127.3689549,
            36.6076463
          ],
          [
            127.3689134,
            36.6075896
          ],
          [
            127.3689021,
            36.6075798
          ],
          [
            127.3689115,
            36.6075253
          ],
          [
            127.3689162,
            36.6075126
          ],
          [
            127.368926,
            36.6075018
          ],
          [
            127.3689371,
            36.607466
          ],
          [
            127.3689329,
            36.6074534
          ],
          [
            127.3689753,
            36.6073441
          ],
          [
            127.3689938,
            36.607261
          ],
          [
            127.368993,
            36.607235
          ],
          [
            127.3689645,
            36.607163
          ],
          [
            127.3689476,
            36.6071518
          ],
          [
            127.3689028,
            36.6070805
          ],
          [
            127.368895,
            36.6070847
          ],
          [
            127.3688958,
            36.6070775
          ],
          [
            127.3688835,
            36.607067
          ],
          [
            127.3688826,
            36.6070476
          ],
          [
            127.3688739,
            36.6070293
          ],
          [
            127.3688615,
            36.607022
          ],
          [
            127.3688446,
            36.6069741
          ],
          [
            127.3688257,
            36.6069529
          ],
          [
            127.3688216,
            36.6069294
          ],
          [
            127.3688009,
            36.6068899
          ],
          [
            127.3687943,
            36.6068668
          ],
          [
            127.3687911,
            36.6067672
          ],
          [
            127.3687971,
            36.6066559
          ],
          [
            127.3687926,
            36.6066364
          ],
          [
            127.3687665,
            36.6065789
          ],
          [
            127.3687165,
            36.6065295
          ],
          [
            127.3687049,
            36.6065085
          ],
          [
            127.3687,
            36.606489
          ],
          [
            127.3687069,
            36.6064583
          ],
          [
            127.3687658,
            36.6063925
          ],
          [
            127.3687817,
            36.606353
          ],
          [
            127.3687851,
            36.6063327
          ],
          [
            127.3687789,
            36.6063134
          ],
          [
            127.3687557,
            36.6062961
          ],
          [
            127.368664,
            36.6061844
          ],
          [
            127.3686374,
            36.6061623
          ],
          [
            127.3686283,
            36.6061421
          ],
          [
            127.3686099,
            36.606122
          ],
          [
            127.3685979,
            36.6061005
          ],
          [
            127.3685944,
            36.6060772
          ],
          [
            127.3685988,
            36.606059
          ],
          [
            127.3686238,
            36.6060302
          ],
          [
            127.3686421,
            36.6059878
          ],
          [
            127.3686471,
            36.6059678
          ],
          [
            127.3686414,
            36.6059585
          ],
          [
            127.3686431,
            36.6059386
          ],
          [
            127.3686504,
            36.6059105
          ],
          [
            127.3686395,
            36.6058616
          ],
          [
            127.3686226,
            36.6058458
          ],
          [
            127.3686163,
            36.6058233
          ],
          [
            127.3686193,
            36.6057816
          ],
          [
            127.3686022,
            36.6057122
          ],
          [
            127.3686244,
            36.6056731
          ],
          [
            127.3686221,
            36.6056512
          ],
          [
            127.3686008,
            36.6055997
          ],
          [
            127.3685654,
            36.6055618
          ],
          [
            127.3685308,
            36.6055109
          ],
          [
            127.3685126,
            36.6054571
          ],
          [
            127.3685142,
            36.6053961
          ],
          [
            127.3685055,
            36.6053753
          ],
          [
            127.3685036,
            36.6053574
          ],
          [
            127.3685292,
            36.6053022
          ],
          [
            127.3685322,
            36.6052858
          ],
          [
            127.368524,
            36.6052675
          ],
          [
            127.3685188,
            36.6052328
          ],
          [
            127.3685241,
            36.6052158
          ],
          [
            127.3685358,
            36.6052011
          ],
          [
            127.3685372,
            36.6051808
          ],
          [
            127.3685503,
            36.6051663
          ],
          [
            127.3685681,
            36.6051583
          ],
          [
            127.3686,
            36.6051304
          ],
          [
            127.3686239,
            36.605099
          ],
          [
            127.3686507,
            36.6049696
          ],
          [
            127.3686459,
            36.6049463
          ],
          [
            127.3686485,
            36.604923
          ],
          [
            127.3686255,
            36.6048215
          ],
          [
            127.3686377,
            36.6047694
          ],
          [
            127.3686388,
            36.6047417
          ],
          [
            127.3686512,
            36.6047246
          ],
          [
            127.3686234,
            36.6046758
          ],
          [
            127.3685938,
            36.6046094
          ],
          [
            127.3685932,
            36.6045598
          ],
          [
            127.3685748,
            36.6044836
          ],
          [
            127.368564,
            36.6043942
          ],
          [
            127.3686153,
            36.6043224
          ],
          [
            127.3686246,
            36.6043018
          ],
          [
            127.3686481,
            36.6042148
          ],
          [
            127.3686684,
            36.6041958
          ],
          [
            127.3686706,
            36.6041768
          ],
          [
            127.3687003,
            36.6041588
          ],
          [
            127.3687238,
            36.6041342
          ],
          [
            127.36878,
            36.60409
          ],
          [
            127.3688278,
            36.6040324
          ],
          [
            127.3688677,
            36.6039464
          ],
          [
            127.3688723,
            36.6039214
          ],
          [
            127.3688872,
            36.6038826
          ],
          [
            127.368899,
            36.6038664
          ],
          [
            127.3689124,
            36.6038226
          ],
          [
            127.3689161,
            36.6037998
          ],
          [
            127.3689149,
            36.6037455
          ],
          [
            127.3688933,
            36.6037128
          ],
          [
            127.3688832,
            36.6036701
          ],
          [
            127.3688748,
            36.6036022
          ],
          [
            127.3688768,
            36.6035622
          ],
          [
            127.3688686,
            36.6035205
          ],
          [
            127.3688677,
            36.6034586
          ],
          [
            127.3688456,
            36.6033854
          ],
          [
            127.3688381,
            36.6033672
          ],
          [
            127.368824,
            36.6033553
          ],
          [
            127.3688168,
            36.6033328
          ],
          [
            127.3688276,
            36.6032858
          ],
          [
            127.3688266,
            36.6032702
          ],
          [
            127.3688457,
            36.6032456
          ],
          [
            127.3688689,
            36.6032247
          ],
          [
            127.3689094,
            36.6031681
          ],
          [
            127.3689237,
            36.6031174
          ],
          [
            127.3689339,
            36.6031001
          ],
          [
            127.368962,
            36.6030228
          ],
          [
            127.3690152,
            36.6029505
          ],
          [
            127.3690499,
            36.6029209
          ],
          [
            127.3690615,
            36.6029017
          ],
          [
            127.3690642,
            36.6028498
          ],
          [
            127.3690742,
            36.6028326
          ],
          [
            127.3690782,
            36.602815
          ],
          [
            127.3690759,
            36.6027159
          ],
          [
            127.369083,
            36.6026985
          ],
          [
            127.3690873,
            36.6026556
          ],
          [
            127.3690839,
            36.6026333
          ],
          [
            127.3690686,
            36.6026219
          ],
          [
            127.3690404,
            36.6026152
          ],
          [
            127.3690323,
            36.602598
          ],
          [
            127.3690323,
            36.6025799
          ]
        ]
      }
    },
    {
      "type": "Feature",
      "properties": {
        "osm_id": 1235096745,
        "highway": "residential"
      },
      "geometry": {
        "type": "LineString",
        "coordinates": [
          [
            127.3563293,
            36.5977353
          ],
          [
            127.3573131,
            36.5977267
          ]
        ]
      }
    },
    {
      "type": "Feature",
      "properties": {
        "osm_id": 1235096748,
        "highway": "service"
      },
      "geometry": {
        "type": "LineString",
        "coordinates": [
          [
            127.3573131,
            36.5977267
          ],
          [
            127.3572823,
            36.5969235
          ]
        ]
      }
    },
    {
      "type": "Feature",
      "properties": {
        "osm_id": 1235096749,
        "highway": "service"
      },
      "geometry": {
        "type": "LineString",
        "coordinates": [
          [
            127.3572035,
            36.5958683
          ],
          [
            127.3571332,
            36.5962262
          ]
        ]
      }
    },
    {
      "type": "Feature",
      "properties": {
        "osm_id": 1345361829,
        "highway": "track",
        "surface": "concrete",
        "tracktype": "grade1"
      },
      "geometry": {
        "type": "LineString",
        "coordinates": [
          [
            127.3721489,
            36.5920748
          ],
          [
            127.3721024,
            36.5927081
          ],
          [
            127.3724536,
            36.593596
          ],
          [
            127.372987,
            36.5939615
          ],
          [
            127.3731952,
            36.5941913
          ],
          [
            127.3731691,
            36.5944942
          ],
          [
            127.3728746,
            36.5947011
          ],
          [
            127.3725447,
            36.5949329
          ],
          [
            127.3721414,
            36.5955701
          ],
          [
            127.3720764,
            36.5959043
          ],
          [
            127.3713868,
            36.5967608
          ]
        ]
      }
    },
    {
      "type": "Feature",
      "properties": {
        "osm_id": 1345361887,
        "highway": "residential"
      },
      "geometry": {
        "type": "LineString",
        "coordinates": [
          [
            127.3713868,
            36.5967608
          ],
          [
            127.3710876,
            36.5967086
          ],
          [
            127.3709966,
            36.5967817
          ],
          [
            127.3712437,
            36.5968966
          ],
          [
            127.371621,
            36.597659
          ],
          [
            127.3718032,
            36.5978052
          ],
          [
            127.3718292,
            36.5980455
          ],
          [
            127.3720373,
            36.5982857
          ],
          [
            127.3720633,
            36.5984737
          ],
          [
            127.3717121,
            36.5989541
          ],
          [
            127.37166,
            36.5991421
          ],
          [
            127.371621,
            36.5997061
          ],
          [
            127.3712698,
            36.6002179
          ],
          [
            127.3712791,
            36.6009332
          ],
          [
            127.3712828,
            36.6012101
          ],
          [
            127.3710616,
            36.6014503
          ],
          [
            127.3707884,
            36.6018994
          ],
          [
            127.3708925,
            36.6024529
          ],
          [
            127.3709315,
            36.6026305
          ],
          [
            127.3708274,
            36.602902
          ],
          [
            127.3710356,
            36.6033407
          ],
          [
            127.3709705,
            36.6036644
          ],
          [
            127.3711006,
            36.6039986
          ],
          [
            127.3710876,
            36.6041866
          ],
          [
            127.3715169,
            36.6042075
          ],
          [
            127.371781,
            36.6041763
          ],
          [
            127.3719593,
            36.6041553
          ],
          [
            127.3718942,
            36.6035913
          ],
          [
            127.3716731,
            36.6032258
          ],
          [
            127.3721544,
            36.6023276
          ],
          [
            127.3725317,
            36.6017741
          ],
          [
            127.3727659,
            36.6017218
          ],
          [
            127.3741058,
            36.6024843
          ],
          [
            127.3744093,
            36.6025817
          ],
          [
            127.3744961,
            36.6026096
          ],
          [
            127.3748083,
            36.6029856
          ],
          [
            127.3748095,
            36.6031237
          ],
          [
            127.3749308,
            36.6032603
          ],
          [
            127.3750039,
            36.6034346
          ],
          [
            127.3752507,
            36.6036749
          ],
          [
            127.3752507,
            36.6039568
          ]
        ]
      }
    },
    {
      "type": "Feature",
      "properties": {
        "osm_id": 1345361923,
        "highway": "residential"
      },
      "geometry": {
        "type": "LineString",
        "coordinates": [
          [
            127.371781,
            36.6041763
          ],
          [
            127.371595,
            36.6048759
          ],
          [
            127.3710616,
            36.6049177
          ],
          [
            127.370759,
            36.6045316
          ],
          [
            127.3705672,
            36.6042493
          ],
          [
            127.3703461,
            36.6039046
          ],
          [
            127.3703981,
            36.6037166
          ],
          [
            127.370294,
            36.6035391
          ],
          [
            127.370281,
            36.6032884
          ],
          [
            127.3700209,
            36.6031109
          ],
          [
            127.3699168,
            36.6026618
          ],
          [
            127.3697744,
            36.6024874
          ],
          [
            127.3695443,
            36.6023625
          ],
          [
            127.3694112,
            36.6021922
          ]
        ]
      }
    },
    {
      "type": "Feature",
      "properties": {
        "osm_id": 1345362264,
        "highway": "residential"
      },
      "geometry": {
        "type": "LineString",
        "coordinates": [
          [
            127.3722991,
            36.6004322
          ],
          [
            127.3725767,
            36.6005508
          ],
          [
            127.373066,
            36.6006197
          ],
          [
            127.3735466,
            36.6006817
          ],
          [
            127.374156,
            36.6011089
          ],
          [
            127.3752203,
            36.601543
          ],
          [
            127.3757353,
            36.6017153
          ],
          [
            127.3763533,
            36.6018186
          ],
          [
            127.3766966,
            36.6016946
          ],
          [
            127.3768511,
            36.601736
          ],
          [
            127.3768511,
            36.6018738
          ]
        ]
      }
    },
    {
      "type": "Feature",
      "properties": {
        "osm_id": 1345362266,
        "highway": "residential"
      },
      "geometry": {
        "type": "LineString",
        "coordinates": [
          [
            127.373066,
            36.6006197
          ],
          [
            127.3735896,
            36.6011916
          ],
          [
            127.3741732,
            36.6017084
          ],
          [
            127.3744736,
            36.6020322
          ],
          [
            127.3745766,
            36.6022527
          ],
          [
            127.374774,
            36.6023285
          ],
          [
            127.3744093,
            36.6025817
          ]
        ]
      }
    },
    {
      "type": "Feature",
      "properties": {
        "osm_id": 1345362279,
        "highway": "residential"
      },
      "geometry": {
        "type": "LineString",
        "coordinates": [
          [
            127.371621,
            36.597659
          ],
          [
            127.3715639,
            36.5979737
          ],
          [
            127.3712893,
            36.5982493
          ],
          [
            127.370843,
            36.5985594
          ],
          [
            127.3703452,
            36.5984216
          ],
          [
            127.3700018,
            36.5981942
          ],
          [
            127.3696843,
            36.598139
          ],
          [
            127.3692036,
            36.5981735
          ],
          [
            127.3687315,
            36.5982148
          ],
          [
            127.3683717,
            36.5980959
          ]
        ]
      }
    },
    {
      "type": "Feature",
      "properties": {
        "osm_id": 1345362284,
        "highway": "residential"
      },
      "geometry": {
        "type": "LineString",
        "coordinates": [
          [
            127.3709966,
            36.5967817
          ],
          [
            127.370637,
            36.5968229
          ],
          [
            127.3704567,
            36.5967747
          ],
          [
            127.3701907,
            36.596437
          ],
          [
            127.369633,
            36.5964808
          ]
        ]
      }
    },
    {
      "type": "Feature",
      "properties": {
        "osm_id": 1345362291,
        "highway": "track",
        "surface": "concrete",
        "tracktype": "grade1"
      },
      "geometry": {
        "type": "LineString",
        "coordinates": [
          [
            127.3738213,
            36.5954102
          ],
          [
            127.3736067,
            36.5951897
          ],
          [
            127.3728746,
            36.5947011
          ],
          [
            127.3725081,
            36.5944937
          ],
          [
            127.3717442,
            36.5944248
          ],
          [
            127.3716069,
            36.5943628
          ],
          [
            127.3714009,
            36.5942112
          ],
          [
            127.370946,
            36.5940871
          ],
          [
            127.3707829,
            36.5943766
          ],
          [
            127.3704396,
            36.5944524
          ],
          [
            127.3702937,
            36.594349
          ],
          [
            127.3702043,
            36.5944415
          ]
        ]
      }
    },
    {
      "type": "Feature",
      "properties": {
        "osm_id": 1359300151,
        "highway": "track",
        "surface": "concrete"
      },
      "geometry": {
        "type": "LineString",
        "coordinates": [
          [
            127.37155,
            36.5900005
          ],
          [
            127.3722586,
            36.5895986
          ],
          [
            127.372456,
            36.589633
          ],
          [
            127.3730482,
            36.5893505
          ],
          [
            127.3730053,
            36.5891782
          ],
          [
            127.3731855,
            36.5889025
          ],
          [
            127.373752,
            36.5890128
          ],
          [
            127.373855,
            36.5891713
          ],
          [
            127.3741382,
            36.5891093
          ],
          [
            127.3743528,
            36.5889783
          ],
          [
            127.3747391,
            36.5886751
          ],
          [
            127.3752798,
            36.5883512
          ],
          [
            127.3755287,
            36.5882478
          ],
          [
            127.3758205,
            36.5883512
          ],
          [
            127.3758205,
            36.5885993
          ],
          [
            127.3753742,
            36.5893505
          ],
          [
            127.3754858,
            36.5894401
          ],
          [
            127.3760952,
            36.5896882
          ],
          [
            127.3764431,
            36.5895407
          ]
        ]
      }
    },
    {
      "type": "Feature",
      "properties": {
        "osm_id": 1367654053,
        "highway": "track",
        "surface": "concrete",
        "tracktype": "grade1"
      },
      "geometry": {
        "type": "LineString",
        "coordinates": [
          [
            127.3643895,
            36.6064095
          ],
          [
            127.3641656,
            36.6063554
          ],
          [
            127.363942,
            36.6062263
          ],
          [
            127.3638338,
            36.6060832
          ],
          [
            127.3637914,
            36.6059365
          ],
          [
            127.363787,
            36.6057535
          ],
          [
            127.363771,
            36.6056432
          ],
          [
            127.3636964,
            36.6055435
          ],
          [
            127.3634304,
            36.6053922
          ],
          [
            127.3632551,
            36.6051892
          ],
          [
            127.3629832,
            36.6050508
          ],
          [
            127.3626529,
            36.6047927
          ],
          [
            127.3624396,
            36.6045369
          ],
          [
            127.3623247,
            36.6044641
          ],
          [
            127.362218,
            36.6044579
          ],
          [
            127.3621269,
            36.6044735
          ],
          [
            127.3620939,
            36.6044672
          ],
          [
            127.3620454,
            36.604447
          ],
          [
            127.3619427,
            36.604377
          ],
          [
            127.3613958,
            36.604173
          ],
          [
            127.360913,
            36.6041185
          ],
          [
            127.3604708,
            36.6039535
          ],
          [
            127.3601974,
            36.6038882
          ],
          [
            127.3600714,
            36.6038228
          ],
          [
            127.359955,
            36.6037122
          ],
          [
            127.3598561,
            36.6036126
          ],
          [
            127.35967,
            36.6035535
          ],
          [
            127.3593248,
            36.6034819
          ],
          [
            127.3591018,
            36.60332
          ],
          [
            127.358968,
            36.6032982
          ],
          [
            127.3588071,
            36.6032982
          ],
          [
            127.3586325,
            36.6032499
          ],
          [
            127.3585104,
            36.603253
          ],
          [
            127.358235,
            36.6032733
          ],
          [
            127.3580139,
            36.6032655
          ],
          [
            127.3574999,
            36.6031865
          ],
          [
            127.3567872,
            36.6031658
          ],
          [
            127.3566097,
            36.6031555
          ],
          [
            127.3561337,
            36.6032443
          ],
          [
            127.3559922,
            36.6033166
          ],
          [
            127.3559484,
            36.6034323
          ],
          [
            127.3558918,
            36.6038309
          ],
          [
            127.3557786,
            36.6042234
          ],
          [
            127.3556628,
            36.6044361
          ],
          [
            127.3554621,
            36.6047294
          ],
          [
            127.355246,
            36.6050145
          ],
          [
            127.3549064,
            36.6054131
          ],
          [
            127.354294,
            36.6061876
          ],
          [
            127.354047,
            36.6065222
          ],
          [
            127.3539395,
            36.6067055
          ]
        ]
      }
    },
    {
      "type": "Feature",
      "properties": {
        "osm_id": 1367654054,
        "highway": "track",
        "surface": "concrete",
        "tracktype": "grade1"
      },
      "geometry": {
        "type": "LineString",
        "coordinates": [
          [
            127.3635555,
            36.6000779
          ],
          [
            127.36345,
            36.6001801
          ],
          [
            127.3629174,
            36.6005374
          ],
          [
            127.3626087,
            36.6007336
          ],
          [
            127.3623179,
            36.6009381
          ],
          [
            127.3621558,
            36.6010084
          ],
          [
            127.3619937,
            36.601029
          ],
          [
            127.3615923,
            36.6010745
          ],
          [
            127.3613942,
            36.6011055
          ],
          [
            127.3612887,
            36.6011282
          ],
          [
            127.3611035,
            36.6012315
          ],
          [
            127.3607741,
            36.6015413
          ],
          [
            127.3606609,
            36.6016012
          ],
          [
            127.3605426,
            36.6016074
          ],
          [
            127.3604165,
            36.601595
          ],
          [
            127.3601798,
            36.6016466
          ]
        ]
      }
    },
    {
      "type": "Feature",
      "properties": {
        "osm_id": 1367654055,
        "highway": "track",
        "surface": "concrete",
        "tracktype": "grade1"
      },
      "geometry": {
        "type": "LineString",
        "coordinates": [
          [
            127.3607741,
            36.6015413
          ],
          [
            127.360805,
            36.6015847
          ],
          [
            127.3607561,
            36.6016342
          ],
          [
            127.3606429,
            36.6016714
          ],
          [
            127.3604011,
            36.6016528
          ],
          [
            127.360082,
            36.6017231
          ],
          [
            127.3599199,
            36.6017375
          ],
          [
            127.3598093,
            36.6017788
          ],
          [
            127.3595185,
            36.601942
          ],
          [
            127.3593539,
            36.6019668
          ],
          [
            127.3591892,
            36.602004
          ],
          [
            127.3591095,
            36.6020701
          ],
          [
            127.3590168,
            36.6021692
          ],
          [
            127.3589345,
            36.6022147
          ],
          [
            127.3587467,
            36.6022663
          ],
          [
            127.3587081,
            36.6022952
          ],
          [
            127.3586232,
            36.6024501
          ],
          [
            127.3585434,
            36.6024976
          ],
          [
            127.3581086,
            36.6026174
          ],
          [
            127.3578822,
            36.6026711
          ],
          [
            127.3578281,
            36.6027104
          ],
          [
            127.3576274,
            36.6030182
          ],
          [
            127.3575374,
            36.603138
          ],
          [
            127.3574999,
            36.6031865
          ],
          [
            127.3575271,
            36.6032825
          ],
          [
            127.3573881,
            36.6035614
          ],
          [
            127.3573496,
            36.6037184
          ]
        ]
      }
    },
    {
      "type": "Feature",
      "properties": {
        "osm_id": 1367654056,
        "highway": "tertiary",
        "surface": "asphalt"
      },
      "geometry": {
        "type": "LineString",
        "coordinates": [
          [
            127.3637301,
            36.6000809
          ],
          [
            127.3647597,
            36.5998486
          ],
          [
            127.3649635,
            36.599845
          ],
          [
            127.3654844,
            36.5998995
          ],
          [
            127.3667256,
            36.5998886
          ],
          [
            127.3672012,
            36.5998377
          ],
          [
            127.36779,
            36.5996704
          ],
          [
            127.3683019,
            36.5994886
          ],
          [
            127.3684582,
            36.5994305
          ]
        ]
      }
    },
    {
      "type": "Feature",
      "properties": {
        "osm_id": 1367654057,
        "highway": "tertiary",
        "name": "다락탑연길",
        "name:en": "Daraktabyeon-gil",
        "name:ko": "다락탑연길",
        "surface": "asphalt"
      },
      "geometry": {
        "type": "LineString",
        "coordinates": [
          [
            127.357537,
            36.5992495
          ],
          [
            127.3579871,
            36.5992512
          ],
          [
            127.3581156,
            36.5992517
          ],
          [
            127.3585232,
            36.5992578
          ],
          [
            127.359153,
            36.5992228
          ],
          [
            127.3597774,
            36.5991889
          ],
          [
            127.3606038,
            36.5991373
          ],
          [
            127.3608583,
            36.5991556
          ],
          [
            127.3610893,
            36.5992006
          ],
          [
            127.3613739,
            36.5992841
          ],
          [
            127.3616619,
            36.5994541
          ],
          [
            127.3619256,
            36.5996686
          ],
          [
            127.3622414,
            36.5998831
          ],
          [
            127.3627064,
            36.600014
          ],
          [
            127.3634039,
            36.6000753
          ],
          [
            127.3635555,
            36.6000779
          ],
          [
            127.3637301,
            36.6000809
          ]
        ]
      }
    },
    {
      "type": "Feature",
      "properties": {
        "osm_id": 1367654058,
        "highway": "track",
        "surface": "concrete",
        "tracktype": "grade1"
      },
      "geometry": {
        "type": "LineString",
        "coordinates": [
          [
            127.3652135,
            36.5861795
          ],
          [
            127.3655197,
            36.58626
          ],
          [
            127.365733,
            36.5863503
          ],
          [
            127.3660937,
            36.5866353
          ],
          [
            127.3665818,
            36.5870461
          ],
          [
            127.3673406,
            36.5876474
          ],
          [
            127.3680753,
            36.5882724
          ],
          [
            127.3697514,
            36.5896451
          ],
          [
            127.3708655,
            36.590552
          ],
          [
            127.3710045,
            36.5906453
          ],
          [
            127.3710464,
            36.5907227
          ],
          [
            127.3709322,
            36.5910293
          ],
          [
            127.3708814,
            36.591229
          ],
          [
            127.3708649,
            36.5914011
          ],
          [
            127.3708086,
            36.5916451
          ],
          [
            127.3708294,
            36.5917292
          ],
          [
            127.3708507,
            36.5918293
          ]
        ]
      }
    },
    {
      "type": "Feature",
      "properties": {
        "osm_id": 1418861988,
        "highway": "residential",
        "layer": "-1",
        "name": "황탄리길",
        "name:en": "Hwangtalli-gil",
        "name:ko": "황탄리길",
        "tunnel": "yes"
      },
      "geometry": {
        "type": "LineString",
        "coordinates": [
          [
            127.3531857,
            36.5923254
          ],
          [
            127.3536409,
            36.5922147
          ]
        ]
      }
    },
    {
      "type": "Feature",
      "properties": {
        "osm_id": 1418861989,
        "highway": "residential",
        "name": "황탄리길",
        "name:en": "Hwangtalli-gil",
        "name:ko": "황탄리길"
      },
      "geometry": {
        "type": "LineString",
        "coordinates": [
          [
            127.3529108,
            36.59229
          ],
          [
            127.3529939,
            36.5923004
          ],
          [
            127.3531156,
            36.5923291
          ],
          [
            127.3531857,
            36.5923254
          ]
        ]
      }
    },
    {
      "type": "Feature",
      "properties": {
        "osm_id": 1418861990,
        "highway": "secondary",
        "maxspeed": "60",
        "name": "태성탑연로",
        "name:en": "Taeseongtabyeon-ro",
        "name:ko": "태성탑연로",
        "ref": "507",
        "review": "no"
      },
      "geometry": {
        "type": "LineString",
        "coordinates": [
          [
            127.3557173,
            36.5869314
          ],
          [
            127.3554794,
            36.5870105
          ],
          [
            127.3553155,
            36.5870763
          ],
          [
            127.3550476,
            36.5872601
          ],
          [
            127.3548625,
            36.5874133
          ],
          [
            127.3547527,
            36.5876104
          ],
          [
            127.3546355,
            36.587928
          ],
          [
            127.354419,
            36.5885774
          ],
          [
            127.3538836,
            36.5904178
          ],
          [
            127.3536517,
            36.5911865
          ],
          [
            127.3535017,
            36.59189
          ],
          [
            127.3533959,
            36.5925275
          ],
          [
            127.3533967,
            36.5936184
          ],
          [
            127.3533994,
            36.5936357
          ],
          [
            127.3535621,
            36.594679
          ],
          [
            127.3536765,
            36.5953529
          ],
          [
            127.3537285,
            36.5957602
          ]
        ]
      }
    },
    {
      "type": "Feature",
      "properties": {
        "osm_id": 1418861991,
        "bridge": "yes",
        "highway": "secondary",
        "layer": "1",
        "maxspeed": "60",
        "name": "태성탑연로",
        "name:en": "Taeseongtabyeon-ro",
        "name:ko": "태성탑연로",
        "ref": "507",
        "review": "no"
      },
      "geometry": {
        "type": "LineString",
        "coordinates": [
          [
            127.3537285,
            36.5957602
          ],
          [
            127.3539349,
            36.5972859
          ]
        ]
      }
    },
    {
      "type": "Feature",
      "properties": {
        "osm_id": 1418861992,
        "highway": "residential"
      },
      "geometry": {
        "type": "LineString",
        "coordinates": [
          [
            127.3556512,
            36.6027942
          ],
          [
            127.3560723,
            36.6026851
          ],
          [
            127.3562797,
            36.6026002
          ],
          [
            127.3564748,
            36.6024599
          ],
          [
            127.3566293,
            36.6022967
          ],
          [
            127.3567391,
            36.6021694
          ],
          [
            127.3568285,
            36.6020095
          ],
          [
            127.3569136,
            36.6017954
          ],
          [
            127.3572215,
            36.60102
          ],
          [
            127.3572472,
            36.6009553
          ],
          [
            127.3573977,
            36.6006028
          ],
          [
            127.3574505,
            36.6004494
          ],
          [
            127.357479,
            36.6002797
          ],
          [
            127.357537,
            36.5992495
          ],
          [
            127.3575034,
            36.5989807
          ],
          [
            127.3574139,
            36.5984225
          ],
          [
            127.3573936,
            36.5981973
          ],
          [
            127.3574099,
            36.5980309
          ],
          [
            127.3574546,
            36.5978122
          ],
          [
            127.3575644,
            36.5976457
          ],
          [
            127.3577804,
            36.5973337
          ],
          [
            127.3578049,
            36.5972831
          ],
          [
            127.357819,
            36.5972539
          ],
          [
            127.3578294,
            36.5972324
          ],
          [
            127.3578714,
            36.597135
          ],
          [
            127.3578924,
            36.5970412
          ],
          [
            127.3578959,
            36.59694
          ],
          [
            127.3578755,
            36.5968542
          ],
          [
            127.3575021,
            36.596195
          ],
          [
            127.3574584,
            36.5961308
          ],
          [
            127.3574009,
            36.5960619
          ],
          [
            127.3572826,
            36.595945
          ],
          [
            127.3572035,
            36.5958683
          ],
          [
            127.3567022,
            36.5953824
          ],
          [
            127.3560868,
            36.5947785
          ],
          [
            127.3557944,
            36.5944915
          ],
          [
            127.354853,
            36.5936164
          ],
          [
            127.3547539,
            36.5935084
          ],
          [
            127.3546813,
            36.5934089
          ],
          [
            127.35463,
            36.5933038
          ],
          [
            127.3545822,
            36.5931844
          ],
          [
            127.3545539,
            36.593085
          ],
          [
            127.354535,
            36.5930014
          ],
          [
            127.3545256,
            36.5929599
          ],
          [
            127.3545238,
            36.5928548
          ],
          [
            127.3545274,
            36.5927539
          ],
          [
            127.354538,
            36.5926658
          ],
          [
            127.3545875,
            36.5924783
          ],
          [
            127.3546389,
            36.5923021
          ],
          [
            127.3546529,
            36.5922283
          ],
          [
            127.3546583,
            36.5921998
          ],
          [
            127.3546721,
            36.5920799
          ],
          [
            127.3546891,
            36.5915567
          ],
          [
            127.3547014,
            36.59148
          ],
          [
            127.3547168,
            36.5914194
          ],
          [
            127.3547399,
            36.5913514
          ],
          [
            127.3547692,
            36.5912858
          ],
          [
            127.3548062,
            36.5912215
          ],
          [
            127.3548416,
            36.5911621
          ],
          [
            127.3549048,
            36.5910755
          ],
          [
            127.3549895,
            36.5909927
          ],
          [
            127.3550758,
            36.5909246
          ],
          [
            127.3551898,
            36.5908628
          ],
          [
            127.3554378,
            36.5907663
          ],
          [
            127.3558121,
            36.5906302
          ],
          [
            127.3559354,
            36.5905696
          ],
          [
            127.3560093,
            36.5905189
          ],
          [
            127.356074,
            36.5904694
          ],
          [
            127.3561603,
            36.5903853
          ],
          [
            127.3562127,
            36.5903148
          ],
          [
            127.3562558,
            36.5902456
          ],
          [
            127.3563267,
            36.5901095
          ],
          [
            127.356721,
            36.5890804
          ],
          [
            127.3567488,
            36.5889678
          ],
          [
            127.3567657,
            36.5888775
          ],
          [
            127.3567672,
            36.5887885
          ],
          [
            127.3567657,
            36.5887241
          ],
          [
            127.3567568,
            36.5886386
          ],
          [
            127.356738,
            36.5885578
          ],
          [
            127.3566924,
            36.5883941
          ],
          [
            127.3563611,
            36.5876231
          ],
          [
            127.3562203,
            36.5873539
          ],
          [
            127.3561533,
            36.5872021
          ],
          [
            127.3560746,
            36.5870343
          ]
        ]
      }
    },
    {
      "type": "Feature",
      "properties": {
        "osm_id": 1418861993,
        "highway": "residential"
      },
      "geometry": {
        "type": "LineString",
        "coordinates": [
          [
            127.3574546,
            36.5978122
          ],
          [
            127.3573838,
            36.5977694
          ],
          [
            127.3573131,
            36.5977267
          ]
        ]
      }
    },
    {
      "type": "Feature",
      "properties": {
        "osm_id": 1418861994,
        "highway": "service"
      },
      "geometry": {
        "type": "LineString",
        "coordinates": [
          [
            127.3530494,
            36.5942608
          ],
          [
            127.3531927,
            36.5937678
          ]
        ]
      }
    },
    {
      "type": "Feature",
      "properties": {
        "osm_id": 1418861995,
        "highway": "residential"
      },
      "geometry": {
        "type": "LineString",
        "coordinates": [
          [
            127.3533994,
            36.5936357
          ],
          [
            127.35326,
            36.5937323
          ],
          [
            127.3531927,
            36.5937678
          ],
          [
            127.3531371,
            36.5937726
          ],
          [
            127.3530441,
            36.5937806
          ]
        ]
      }
    },
    {
      "type": "Feature",
      "properties": {
        "osm_id": 1418861996,
        "highway": "residential"
      },
      "geometry": {
        "type": "LineString",
        "coordinates": [
          [
            127.3531371,
            36.5937726
          ],
          [
            127.3531034,
            36.5936372
          ],
          [
            127.3531087,
            36.5935804
          ],
          [
            127.3531583,
            36.5934511
          ],
          [
            127.353176,
            36.5933701
          ],
          [
            127.3531866,
            36.5932849
          ],
          [
            127.3531202,
            36.5924896
          ],
          [
            127.3530979,
            36.5924276
          ],
          [
            127.3530653,
            36.5923786
          ],
          [
            127.3529939,
            36.5923004
          ]
        ]
      }
    },
    {
      "type": "Feature",
      "properties": {
        "osm_id": 1423272264,
        "highway": "residential"
      },
      "geometry": {
        "type": "LineString",
        "coordinates": [
          [
            127.3572215,
            36.60102
          ],
          [
            127.3570714,
            36.6009822
          ]
        ]
      }
    },
    {
      "type": "Feature",
      "properties": {
        "osm_id": 1423272265,
        "highway": "residential"
      },
      "geometry": {
        "type": "LineString",
        "coordinates": [
          [
            127.3570714,
            36.6009822
          ],
          [
            127.3569899,
            36.6011183
          ],
          [
            127.3568976,
            36.601263
          ],
          [
            127.3568397,
            36.6013887
          ],
          [
            127.3568118,
            36.6016954
          ],
          [
            127.3568075,
            36.6017488
          ],
          [
            127.3569136,
            36.6017954
          ]
        ]
      }
    },
    {
      "type": "Feature",
      "properties": {
        "osm_id": 1423272266,
        "highway": "residential"
      },
      "geometry": {
        "type": "LineString",
        "coordinates": [
          [
            127.3559041,
            36.6018762
          ],
          [
            127.3561766,
            36.6018935
          ],
          [
            127.3564856,
            36.601921
          ],
          [
            127.3568285,
            36.6020095
          ]
        ]
      }
    },
    {
      "type": "Feature",
      "properties": {
        "osm_id": 1423272267,
        "highway": "residential"
      },
      "geometry": {
        "type": "LineString",
        "coordinates": [
          [
            127.3562603,
            36.6016213
          ],
          [
            127.3564148,
            36.6014507
          ],
          [
            127.3564534,
            36.6014387
          ],
          [
            127.3565007,
            36.6014542
          ],
          [
            127.3565843,
            36.6015162
          ],
          [
            127.3566766,
            36.6015886
          ],
          [
            127.3568075,
            36.6017488
          ]
        ]
      }
    },
    {
      "type": "Feature",
      "properties": {
        "osm_id": 1423272268,
        "highway": "residential"
      },
      "geometry": {
        "type": "LineString",
        "coordinates": [
          [
            127.3570714,
            36.6009822
          ],
          [
            127.3570689,
            36.6008533
          ],
          [
            127.3570835,
            36.6007841
          ],
          [
            127.3571209,
            36.6006797
          ],
          [
            127.3572283,
            36.600557
          ],
          [
            127.3573014,
            36.6004447
          ],
          [
            127.3573405,
            36.6003481
          ],
          [
            127.357347,
            36.6002672
          ]
        ]
      }
    },
    {
      "type": "Feature",
      "properties": {
        "osm_id": 1423272269,
        "highway": "residential"
      },
      "geometry": {
        "type": "LineString",
        "coordinates": [
          [
            127.357479,
            36.6002797
          ],
          [
            127.357347,
            36.6002672
          ],
          [
            127.357277,
            36.600258
          ],
          [
            127.3572217,
            36.6002228
          ],
          [
            127.3571502,
            36.6001614
          ],
          [
            127.3570689,
            36.6001131
          ],
          [
            127.3569729,
            36.6000818
          ],
          [
            127.3568559,
            36.6000739
          ],
          [
            127.3567615,
            36.6000648
          ],
          [
            127.3567046,
            36.6000361
          ],
          [
            127.3566965,
            36.6000047
          ],
          [
            127.3567241,
            36.5999499
          ],
          [
            127.3567827,
            36.5998481
          ],
          [
            127.356825,
            36.5997449
          ],
          [
            127.3568721,
            36.599694
          ],
          [
            127.3569242,
            36.5996758
          ],
          [
            127.357025,
            36.5996653
          ],
          [
            127.3570608,
            36.5996483
          ],
          [
            127.3570803,
            36.5996131
          ],
          [
            127.3571079,
            36.5995178
          ]
        ]
      }
    },
    {
      "type": "Feature",
      "properties": {
        "osm_id": 1423272270,
        "highway": "residential"
      },
      "geometry": {
        "type": "LineString",
        "coordinates": [
          [
            127.3569046,
            36.5995099
          ],
          [
            127.3571079,
            36.5995178
          ],
          [
            127.3571486,
            36.5994969
          ],
          [
            127.3572738,
            36.5994094
          ],
          [
            127.357347,
            36.5993272
          ],
          [
            127.3574234,
            36.5992723
          ],
          [
            127.357537,
            36.5992495
          ]
        ]
      }
    },
    {
      "type": "Feature",
      "properties": {
        "osm_id": 1423272271,
        "highway": "residential"
      },
      "geometry": {
        "type": "LineString",
        "coordinates": [
          [
            127.3561513,
            36.6003656
          ],
          [
            127.3562972,
            36.6003077
          ],
          [
            127.356339,
            36.6002974
          ],
          [
            127.3563734,
            36.6003017
          ],
          [
            127.3564066,
            36.6003181
          ],
          [
            127.3565654,
            36.6004197
          ],
          [
            127.356647,
            36.6004774
          ],
          [
            127.3566985,
            36.6005231
          ]
        ]
      }
    },
    {
      "type": "Feature",
      "properties": {
        "osm_id": 1423272272,
        "highway": "residential"
      },
      "geometry": {
        "type": "LineString",
        "coordinates": [
          [
            127.3564667,
            36.6006695
          ],
          [
            127.3565257,
            36.6006126
          ],
          [
            127.3565879,
            36.6005782
          ],
          [
            127.356662,
            36.6005446
          ],
          [
            127.3566985,
            36.6005231
          ],
          [
            127.3567714,
            36.6005076
          ],
          [
            127.3568293,
            36.6005076
          ],
          [
            127.3568766,
            36.6005153
          ],
          [
            127.3569527,
            36.6005549
          ],
          [
            127.3570289,
            36.6006066
          ],
          [
            127.3571209,
            36.6006797
          ]
        ]
      }
    },
    {
      "type": "Feature",
      "properties": {
        "osm_id": 1423272273,
        "highway": "residential"
      },
      "geometry": {
        "type": "LineString",
        "coordinates": [
          [
            127.3575034,
            36.5989807
          ],
          [
            127.3573073,
            36.5989908
          ],
          [
            127.3572113,
            36.5989738
          ],
          [
            127.3571268,
            36.5989334
          ],
          [
            127.3570731,
            36.5988851
          ],
          [
            127.3569967,
            36.5988315
          ],
          [
            127.3568633,
            36.5988146
          ],
          [
            127.3567007,
            36.5988093
          ],
          [
            127.3564064,
            36.5988289
          ],
          [
            127.3560128,
            36.5989059
          ],
          [
            127.3556973,
            36.5990274
          ]
        ]
      }
    },
    {
      "type": "Feature",
      "properties": {
        "osm_id": 1423272274,
        "highway": "residential"
      },
      "geometry": {
        "type": "LineString",
        "coordinates": [
          [
            127.3552594,
            36.5975319
          ],
          [
            127.3552667,
            36.5976043
          ],
          [
            127.3552798,
            36.5976298
          ],
          [
            127.3552938,
            36.59765
          ],
          [
            127.3553256,
            36.5976883
          ],
          [
            127.3554106,
            36.5977317
          ]
        ]
      }
    },
    {
      "type": "Feature",
      "properties": {
        "osm_id": 1423272275,
        "highway": "residential"
      },
      "geometry": {
        "type": "LineString",
        "coordinates": [
          [
            127.3554106,
            36.5977317
          ],
          [
            127.3554087,
            36.5978345
          ],
          [
            127.355404,
            36.5978727
          ],
          [
            127.3553881,
            36.597899
          ],
          [
            127.3553405,
            36.597929
          ],
          [
            127.3552023,
            36.5979792
          ]
        ]
      }
    },
    {
      "type": "Feature",
      "properties": {
        "osm_id": 1423272276,
        "highway": "residential"
      },
      "geometry": {
        "type": "LineString",
        "coordinates": [
          [
            127.3554106,
            36.5977317
          ],
          [
            127.3556244,
            36.59774
          ],
          [
            127.3558393,
            36.597749
          ],
          [
            127.3560111,
            36.597764
          ],
          [
            127.3560914,
            36.5977767
          ],
          [
            127.35614,
            36.5977767
          ],
          [
            127.3562026,
            36.597758
          ],
          [
            127.3563293,
            36.5977353
          ]
        ]
      }
    },
    {
      "type": "Feature",
      "properties": {
        "osm_id": 1423272277,
        "highway": "residential"
      },
      "geometry": {
        "type": "LineString",
        "coordinates": [
          [
            127.3563293,
            36.5977353
          ],
          [
            127.3563268,
            36.5978007
          ],
          [
            127.3563175,
            36.5978622
          ],
          [
            127.3563091,
            36.5978922
          ],
          [
            127.3562876,
            36.5979237
          ],
          [
            127.3562596,
            36.5979575
          ],
          [
            127.3562082,
            36.5980062
          ],
          [
            127.3560419,
            36.5981457
          ]
        ]
      }
    },
    {
      "type": "Feature",
      "properties": {
        "osm_id": 1423272278,
        "highway": "residential"
      },
      "geometry": {
        "type": "LineString",
        "coordinates": [
          [
            127.3559429,
            36.5980872
          ],
          [
            127.3560419,
            36.5981457
          ],
          [
            127.3562315,
            36.5982844
          ]
        ]
      }
    },
    {
      "type": "Feature",
      "properties": {
        "osm_id": 1425735147,
        "highway": "track"
      },
      "geometry": {
        "type": "LineString",
        "coordinates": [
          [
            127.3694112,
            36.6021922
          ],
          [
            127.3698637,
            36.6018393
          ],
          [
            127.3699068,
            36.6018183
          ],
          [
            127.3699546,
            36.6018171
          ],
          [
            127.3700224,
            36.6018196
          ],
          [
            127.3700717,
            36.6018196
          ],
          [
            127.3701117,
            36.6018146
          ],
          [
            127.3701348,
            36.601801
          ],
          [
            127.370158,
            36.601775
          ],
          [
            127.3702298,
            36.6014315
          ],
          [
            127.3702591,
            36.6012633
          ],
          [
            127.3702668,
            36.6010321
          ],
          [
            127.3702822,
            36.6009418
          ],
          [
            127.3703423,
            36.6008231
          ],
          [
            127.3703956,
            36.6007231
          ]
        ]
      }
    },
    {
      "type": "Feature",
      "properties": {
        "osm_id": 1425735148,
        "highway": "residential"
      },
      "geometry": {
        "type": "LineString",
        "coordinates": [
          [
            127.3676789,
            36.6021783
          ],
          [
            127.3675897,
            36.6014259
          ]
        ]
      }
    },
    {
      "type": "Feature",
      "properties": {
        "osm_id": 1429164055,
        "highway": "service"
      },
      "geometry": {
        "type": "LineString",
        "coordinates": [
          [
            127.3683136,
            36.59309
          ],
          [
            127.3682171,
            36.5933207
          ],
          [
            127.3683504,
            36.5934751
          ],
          [
            127.3684155,
            36.593625
          ]
        ]
      }
    },
    {
      "type": "Feature",
      "properties": {
        "osm_id": 1455138321,
        "highway": "construction"
      },
      "geometry": {
        "type": "LineString",
        "coordinates": [
          [
            127.3577761,
            36.5997257
          ],
          [
            127.3579871,
            36.5992512
          ],
          [
            127.3583029,
            36.5986656
          ],
          [
            127.3592544,
            36.5974809
          ],
          [
            127.3596466,
            36.5974803
          ],
          [
            127.3612569,
            36.5974774
          ],
          [
            127.3648013,
            36.5974713
          ],
          [
            127.3684443,
            36.5974649
          ],
          [
            127.3686588,
            36.5974645
          ]
        ]
      }
    },
    {
      "type": "Feature",
      "properties": {
        "osm_id": 1455138322,
        "highway": "construction"
      },
      "geometry": {
        "type": "LineString",
        "coordinates": [
          [
            127.3647597,
            36.5998486
          ],
          [
            127.3647796,
            36.5987101
          ],
          [
            127.3648013,
            36.5974713
          ],
          [
            127.3647313,
            36.5931464
          ],
          [
            127.3647205,
            36.5924841
          ],
          [
            127.3646993,
            36.5921784
          ],
          [
            127.3645873,
            36.5918876
          ],
          [
            127.3644348,
            36.591587
          ],
          [
            127.3642109,
            36.5913219
          ],
          [
            127.363917,
            36.591049
          ],
          [
            127.3633656,
            36.5906071
          ],
          [
            127.3627242,
            36.590093
          ]
        ]
      }
    },
    {
      "type": "Feature",
      "properties": {
        "osm_id": 1455138323,
        "highway": "construction"
      },
      "geometry": {
        "type": "LineString",
        "coordinates": [
          [
            127.3612915,
            36.599065
          ],
          [
            127.3612842,
            36.59873
          ],
          [
            127.3612658,
            36.5978889
          ],
          [
            127.3612569,
            36.5974774
          ],
          [
            127.3612228,
            36.5960306
          ],
          [
            127.361261,
            36.5931636
          ],
          [
            127.3612636,
            36.5929717
          ],
          [
            127.3612707,
            36.5927764
          ],
          [
            127.361327,
            36.5925303
          ],
          [
            127.3614079,
            36.5923337
          ],
          [
            127.3615254,
            36.5921057
          ],
          [
            127.3616891,
            36.5919073
          ],
          [
            127.3618788,
            36.5917428
          ],
          [
            127.3633656,
            36.5906071
          ],
          [
            127.3643438,
            36.5898707
          ],
          [
            127.3660342,
            36.588598
          ],
          [
            127.367064,
            36.5894797
          ],
          [
            127.3674649,
            36.5898493
          ],
          [
            127.367835,
            36.5903113
          ],
          [
            127.3681422,
            36.5907808
          ],
          [
            127.3683198,
            36.5912642
          ],
          [
            127.3684238,
            36.5916933
          ],
          [
            127.3684635,
            36.592067
          ],
          [
            127.3684635,
            36.592482
          ],
          [
            127.368461,
            36.5931408
          ],
          [
            127.3684443,
            36.5974649
          ]
        ]
      }
    },
    {
      "type": "Feature",
      "properties": {
        "osm_id": 1455138324,
        "highway": "construction"
      },
      "geometry": {
        "type": "LineString",
        "coordinates": [
          [
            127.360002,
            36.5931413
          ],
          [
            127.361261,
            36.5931636
          ],
          [
            127.3647313,
            36.5931464
          ],
          [
            127.3660597,
            36.5931444
          ],
          [
            127.368461,
            36.5931408
          ],
          [
            127.370277,
            36.5931404
          ]
        ]
      }
    },
    {
      "type": "Feature",
      "properties": {
        "osm_id": 1455138326,
        "highway": "construction"
      },
      "geometry": {
        "type": "LineString",
        "coordinates": [
          [
            127.3643438,
            36.5898707
          ],
          [
            127.3651536,
            36.5905066
          ],
          [
            127.3654011,
            36.5908025
          ],
          [
            127.3656191,
            36.5911479
          ],
          [
            127.3658639,
            36.591549
          ],
          [
            127.3659701,
            36.5918548
          ],
          [
            127.3660233,
            36.5921338
          ],
          [
            127.3660559,
            36.592447
          ],
          [
            127.3660597,
            36.5931444
          ]
        ]
      }
    },
    {
      "type": "Feature",
      "properties": {
        "osm_id": 1455138327,
        "highway": "construction"
      },
      "geometry": {
        "type": "LineString",
        "coordinates": [
          [
            127.3647796,
            36.5987101
          ],
          [
            127.3612842,
            36.59873
          ],
          [
            127.3608378,
            36.5987343
          ],
          [
            127.3596956,
            36.5987452
          ]
        ]
      }
    },
    {
      "type": "Feature",
      "properties": {
        "osm_id": 1455138328,
        "highway": "construction"
      },
      "geometry": {
        "type": "LineString",
        "coordinates": [
          [
            127.3596466,
            36.5974803
          ],
          [
            127.359663,
            36.5979022
          ],
          [
            127.3596796,
            36.5983308
          ],
          [
            127.3596956,
            36.5987452
          ],
          [
            127.3597161,
            36.5989958
          ]
        ]
      }
    },
    {
      "type": "Feature",
      "properties": {
        "osm_id": 1455138329,
        "highway": "construction"
      },
      "geometry": {
        "type": "LineString",
        "coordinates": [
          [
            127.359663,
            36.5979022
          ],
          [
            127.3608357,
            36.5978925
          ],
          [
            127.3612658,
            36.5978889
          ]
        ]
      }
    },
    {
      "type": "Feature",
      "properties": {
        "osm_id": 1455138330,
        "highway": "construction"
      },
      "geometry": {
        "type": "LineString",
        "coordinates": [
          [
            127.3608378,
            36.5987343
          ],
          [
            127.3608368,
            36.5983143
          ],
          [
            127.3608357,
            36.5978925
          ]
        ]
      }
    },
    {
      "type": "Feature",
      "properties": {
        "osm_id": 1455138331,
        "highway": "construction"
      },
      "geometry": {
        "type": "LineString",
        "coordinates": [
          [
            127.3596796,
            36.5983308
          ],
          [
            127.3608368,
            36.5983143
          ]
        ]
      }
    },
    {
      "type": "Feature",
      "properties": {
        "osm_id": 1506728180,
        "highway": "unclassified"
      },
      "geometry": {
        "type": "LineString",
        "coordinates": [
          [
            127.3527887,
            36.6097002
          ],
          [
            127.3528317,
            36.6094127
          ],
          [
            127.3529216,
            36.6091554
          ],
          [
            127.3530229,
            36.6090719
          ],
          [
            127.3531634,
            36.6090042
          ],
          [
            127.3532534,
            36.6089162
          ],
          [
            127.3538692,
            36.6089004
          ]
        ]
      }
    },
    {
      "type": "Feature",
      "properties": {
        "osm_id": 1506728181,
        "highway": "residential"
      },
      "geometry": {
        "type": "LineString",
        "coordinates": [
          [
            127.351406,
            36.611529
          ],
          [
            127.3514327,
            36.6114337
          ],
          [
            127.3514735,
            36.6108544
          ],
          [
            127.351528,
            36.6103816
          ],
          [
            127.3515382,
            36.6101794
          ],
          [
            127.351494,
            36.6099499
          ],
          [
            127.3514565,
            36.6097148
          ],
          [
            127.3514667,
            36.6095235
          ],
          [
            127.3519158,
            36.6095596
          ]
        ]
      }
    },
    {
      "type": "Feature",
      "properties": {
        "osm_id": 1506728182,
        "highway": "unclassified"
      },
      "geometry": {
        "type": "LineString",
        "coordinates": [
          [
            127.3514667,
            36.6095235
          ],
          [
            127.3515484,
            36.6093404
          ],
          [
            127.3517016,
            36.609018
          ],
          [
            127.3517459,
            36.6088813
          ],
          [
            127.3517459,
            36.6087693
          ],
          [
            127.3517527,
            36.6086326
          ],
          [
            127.3517357,
            36.6085124
          ],
          [
            127.3520114,
            36.6077363
          ]
        ]
      }
    }
  ]
}